10000955-4	Deutsches%20Forum%20f%C3%BCr%20Kunstgeschichte%20Logo.svg
10001186-X	UNSW%20Canberra%20Logo%20-%20Lanscape.jpg
1000125-6	Academy-of-Sciences-USSR-logo.png
10002078-1	Verlag%20Schnell%20und%20Steiner%20Logo.svg
10002085-9	C%26A%20logo.svg
10002382-4	UBS%20Logo.png
10002493-2	W%C3%BCstenrot%20Bank%20201x%20logo.svg
1000352-6	Logo%20American%20Anthropological%20Association.svg
10003624-7	Credit%20Suisse%20Logo%202022.svg
10006046-8	Signet%20Volkssolidaritaet.svg
1000622-9	Logo-Katholische-Akademie-Bayern.svg
10007934-9	BMK%20Logo%20srgb.svg
10007943-X	Aktion%20Mensch%20Logo.svg
1000952-8	The%20Frick%20Collection%20logo.png
10010486-1	Ringier-logo.svg
1001061-0	American%20Jewish%20Committee%20logo.svg
1001140-7	Srpska%20akademija%20nauke%20i%20umetnosti%2001%20%288116577383%29.jpg
1001148-1	Kol%20israel%20haverim.jpg
1001281-3	Hamilton%20College%20logo.svg
1001286-2	Oberlin%20College%20logo.svg
1001420-2	AJCongress%20Logo.png
1001454-8	OEAW%20Logo.svg
1001476-7	Swedish%20Academy%20logo.svg
1001512-7	Kungliga%20bibliotekets%20logotyp.svg
1001545-0	LOGO-BNU-NOIR.png
10017027-4	PEN-Zentrum%20Deutschland%20Logo.gif
1001709-4	South%20African%20Broadcasting%20Corporation%20logo.svg
1001716-1	Rand%20Corporation%20logo.svg
10017173-4	Free%20University%20of%20Bozen-Bolzano%20logo.svg
10017460-7	Bundesamt%20f%C3%BCr%20Wirtschaft%20und%20Ausfuhrkontrolle%20Logo.svg
10019225-7	Logo%20Museum%20Kunstpalast.svg
10019747-4	Ghent%20University%20logo%20%28Dutch%29.png
1002030-5	SCIENCES%20PO%20PARIS%20-%202015.png
1002049-4	LogotipoFCE228.gif
1002131-0	%C3%85bo%20Akademi%20logo%20%28English%29.svg
1002250-8	BBC%20Logo%202021.svg
1002285-5	International%20Finance%20Corporation%20logo.svg
1002317-3	Logo%20Polnische%20Akademie%20der%20Wissenschaften%20.png
10023377-6	Deutsche-Industrie-und-Handelskammer-Logo.svg
10024314-9	VDSeV%20Logo.jpg
10024483-X	Ver%20di.svg
1002465-7	Presse%20bundesbanklogo.png
10024663-1	Bundesinstitut%20f%C3%BCr%20Kultur%20und%20Geschichte%20der%20Deutschen%20im%20%C3%B6stlichen%20Europa%20logo.svg
10025216-3	Bucerius%20logo.svg
10025424-X	Oru%20logo.svg
1002858-4	IsraelAc.svg
1002871-7	F%C3%A9d%C3%A9ration%20Internationale%20des%20R%C3%A9sistants%20%28FIR%29%2C%20logo.gif
10028910-1	DFG-VK-Logo%20Hochformat%20blau%20h%C3%B6chstaufgel%C3%B6st.png
10029245-8	WestLotto%20Logo%202019.svg
1002947-3	ADAC-Logo.svg
10029869-2	UdK%20Berlin-Logo%20farbig.svg
10029887-4	VdA%20Logo.svg
10031250-0	KU%20Eichst%C3%A4tt-Ingolstadt%20Logo.svg
1003185-6	FundacaoCalousteGulbenkian.jpg
1003296-4	Biblioteca%20Nacional%20do%20Rio%20de%20Janeiro%20%28logo%2020160.png
1003319-1	National%20Gallery%20of%20Art%20logo.svg
1003322-1	National%20Gallery%20London%20logo.svg
1003324-5	Tate-logo.gif
10033448-9	Logo%20Constantin%20Film.svg
1003374-9	Logo%20Bank%20f%C3%BCr%20Internationalen%20Zahlungsausgleich.svg
10034179-2	Dachmarke%20universitaetsklinikum%20hamburg-eppendorf.svg
1003467-5	NPG%20UK%20logo.svg
1003491-2	Logo%20EPHE%20-%20PSL.svg
1003497-3	EFR%20%28logo%29.svg
1003577-1	Logotipo%20del%20Ministerio%20de%20Justicia.svg
1003650-7	Bausparkasse%20Schw%C3%A4bisch%20Hall%20Logo%2007.2021.svg
10037195-4	Institut%20f%C3%BCr%20Staatspolitik.png
10037886-9	University%20of%20Hawaii%20at%20Manoa%20logo.png
10038635-0	DZBANK%20Logo%20nat%20pos%20RGB.png
10039212-X	Logo%20Andere%20Zeiten.jpg
1003922-3	Logo%20of%20the%20Ford%20Foundation.svg
10040797-3	Tcdh%20Logo.svg
10041041-8	Logo%20des%20Deutschen%20Instituts%20f%C3%BCr%20Menschenrechte.png
10041547-7	Landesmedienzentrum%20Baden-W%C3%BCrttemberg%20Logo.svg
10043115-X	Logo%20Kunstsammlung.svg
1004399-8	Ordnance%20Survey%20text%20logo.png
10044443-X	Logo%20Museumsverbund%20Ober%C3%B6sterreich.jpg
1004446-2	Caltech%20Logo.svg
1004449-8	NYIT%20wordmark.svg
10044490-8	Siegel-Uni-Luebeck.svg
1004470-X	Svenska%20Institutet%20Logo.svg
10045068-4	Initiatives%20of%20Change%20logo%20EN.gif
1004513-2	Instituto%20de%20Cultura%20Hisp%C3%A1nica%20%28insignia%29.svg
10045790-3	Logo%20der%20Landesanstalt%20f%C3%BCr%20Medien%20NRW.png
1004592-2	KU%20Eichst%C3%A4tt-Ingolstadt%20Logo.svg
1004601-X	HfPH%20Logo%20CMYK.png
10046995-4	P%C3%A4dagogische%20Hochschule%20Z%C3%BCrich%20Logo.jpg
1004734-7	Art%20Institute%20of%20Chicago%20Logo.png
10050091-2	Beauftragte-der-Bundesregierung-f%C3%BCr-Kultur-und-Medien-Logo.svg
10050375-5	Uni%20Duisburg.png
10051634-8	Dfh-ufa%20logo.svg
10053223-8	Deutsche%20Zentralbibliothek%20f%C3%BCr%20Wirtschaftswissenschaften%20Logo.svg
1005355-4	Gesellschaft%20f%C3%BCr%20freie%20Publizistik%20Logo.png
1005403-0	LOGO%20IAM-CeVEI.jpg
1005538-1	Deutsches%20Jugendinstitut%20Logo.svg
10055530-5	Murnau%20Stiftung%20logo.jpg
10055917-7	Rbb%20Logo%202017.08.svg
10056616-9	Logo%20Trumpf.svg
10056774-5	Logo%20Victoria%20Versicherungen.svg
1005718-3	Logo%20della%20Camera%20dei%20deputati.svg
1005758-4	National%20Library%20of%20Ireland%20logo.svg
10059008-1	KJVD.jpg
10059953-9	Louis%20Vuitton%20logo.svg
10061466-8	SWR2%20Logo.svg
10061676-8	JA%20Logo.png
10062567-8	Tilburg%20University%20logo.png
1006606-8	Logo%20Landschulheim%20Marquartstein.png
1006766-8	Zuerich%20Villa%20Bleuler%20Gartenseite.jpg
10067837-3	Unfallkasse%20Baden-W%C3%BCrttemberg%20Logo.svg
1006810-7	Munch%20%28logo%29.svg
1006859-4	Nordiska%20museet%20logo.svg
10068828-7	Logo%20GoetheInstitut%202011.svg
1006993-8	Yad%20Vashem%20Logo.svg
10070261-2	Logo%20Charite.svg
10071074-8	Deutschlandradio%20Logo%202017.svg
10071544-8	Berthold%20Leibinger%20Stiftung%20Logo.svg
10073784-5	Logo%20Wallraf.svg
1007403-X	Logo%20IRHT.png
1007504-5	RAF-Logo.svg
10075219-6	Logo%20Universit%C3%A0%20L%27Orientale.svg
1007559-8	Museum%20of%20Modern%20Art%20logo.svg
10075855-1	HKB%20Markenzeichen%20Kooperation%20RGB%20Schwarz%2889%29.svg
1007728-5	Nobelstiftung%20logo.svg
1007734-0	ROM%20logo.svg
10077583-4	KTS%20wikipedia%20%282%29.jpg
1007888-5	Klinikum%20rechts%20der%20Isar%20logo.svg
1007926-9	Logo%20Cleveland%20Museum%20of%20Art.svg
1007948-8	Amnh-logo-2023.svg
10079910-3	Logo%20Zentrum%20Paul%20Klee.svg
1008187-2	IBBY%20logo.svg
1008218-9	Nationalmuseet%20logo.svg
1008219-0	Nationalmuseum%20logo.svg
1008319-4	Logo%20schnitt.jpeg
1008385-6	National%20Museum%20in%20Pozna%C5%84.png
1008386-8	National%20Museum%2C%20Warsaw%2002.png
1008426-5	ORTF%201964.svg
1008469-1	Logo%20der%20Freien%20Demokraten.svg
10085357-2	Deutsche%20Welle%20symbol%202012.svg
1008567-1	Sulzer%20AG%20logo.svg
1008640-7	Blason%20Dominican.svg
1008643-2	Ordre%20de%20saint%20jean%20de%20dieu.svg
1008657-2	Logo%20of%20the%20Nordic%20Council.svg
1008658-4	Logo%20Radio%20Bremen.svg
1008660-2	Sveriges-Radio-Logo.svg
1008690-0	Bpv-Logo.svg
1008750-3	Evangelischer%20Presseverband%20f%C3%BCr%20Bayern%20Logo%20%282021%29.svg
10089042-8	Logo-Theater-der-Zeit.jpg
1008914-7	The%20Metropolitan%20Museum%20of%20Art%20Logo.svg
1009006-X	Logo%20SPD%20LV%20Bayern.svg
1009021-6	Muenchner%20Philharmoniker%20Logo%202015.svg
10091909-1	Aldus001.jpg
10094104-7	Hatje%20Cantz%20Verlag%20logo%2001.svg
1009415-5	ASCAP%20Logo.jpg
10094504-1	Landesarchiv%20nrw%20logo.svg
10094516-8	Db-bahn.svg
1009452-0	Logo%20Rijksmuseum.svg
1009618-8	Folio%20Society%20logo.jpg
10096221-X	Logo%20der%20Amadeu%20Antonio%20Stiftung.svg
10097004-7	Regionalverband%20Ruhr%20Logo%202017.svg
1009716-8	Hessischer%20Rundfunk%20Logo%202023.svg
1009721-1	SDR-Logo.svg
1009723-5	S%C3%BCdwestfunk%20alt%20Logo.svg
10098253-0	Annefrankzentrum.svg
10102676-6	TVE%20Logo%20RGB.jpg
10102945-7	Knopf%20Borzoi%201920.png
10103039-3	Radboudwapen.gif
1010450-1	Uni%20GE%20logo.svg
1010478-1	Universit%C3%A9%20de%20Rouen.jpg
1010501-3	Logo%20der%20CDU%20%28DDR%29.svg
1010516-5	Logo%20of%20the%20Inter-Parliamentary%20Union.svg
1010554-2	Universitas%20Studiorum%20Murciana%20b-w.png
1010555-4	Logotipo%20Universidad%20de%20Salamanca.svg
1010568-2	Logo%20of%20the%20University%20of%20Coimbra%2C%20Portugal.png
1010570-0	Webysther%2020160310%20-%20Logo%20USP.svg
1010575-X	UnivaqLogo.png
10106146-8	ILCS%20logo.png
1010669-8	Universit%C3%A9%20de%20Strasbourg.svg
1010676-5	UCLouvain%20logo.svg
1010694-7	University%20of%20Amsterdam%20logo.svg
1010699-6	Vrije%20Universiteit%20Brussel%20logo.svg
10107080-9	Landesarchiv%20Baden-W%C3%BCrttemberg%20Logo%20SW.svg
10107088-3	Logo%20Archiv%20der%20deutschen%20Frauenbewegung.jpg
1010726-5	Uppsala%20universitet%20logo.jpg
10107332-X	BruderhausDiakonie.svg
1010766-6	University%20of%20Hull%20arms.svg
1010776-9	UCL%20Crest.svg
1010790-3	Pitt%20Panthers%20wordmark.svg
1010793-9	University%20of%20Reading%20arms.svg
1010798-8	University%20of%20Southampton%20Logo.svg
1010811-7	Brown%20University%20logo.svg
1010820-8	Catholic%20University%20Wordmark.svg
1010823-3	UC%20Boulder%20logo.svg
1010842-7	University%20of%20Essex%20logo.svg
1010844-0	University%20of%20Florida%20logo.svg
10109500-4	Landesinstitut%20f%C3%BCr%20Schulentwicklung%20logo.svg
10111276-2	Farrar%2C%20Straus%20and%20Giroux%2075th%20anniversary%20logo.svg
1011129-3	Haifa%20logo%20official%20apperence%20dark%20%28cropped%29.png
1011130-X	Tel%20Aviv%20university%20logo%20-%20Hebrew.png
1011142-6	European%20Broadcasting%20Union%20logo.svg
1011153-0	Logotipo%20de%20la%20Universidad%20de%20Valladolid.svg
1011197-9	Denison%20University%20logo.svg
1011200-5	UnimeLogo.gif
10112079-5	Nasjonalmuseet%20logo.svg
1011221-2	Unipi%20logo.jpg
1011237-6	Bocconi%20University%20Logo.svg
10112967-1	Logo%20B%C3%BChler%20AG.svg
1011429-4	Dt%20Verband%20fuer%20Kunstgeschichte%20Logo.png
1011443-9	Howard%20university%20wordmark.jpg
1011446-4	Indiana%20University%20logotype.svg
10114572-X	Hertie%20School%20of%20Governance%20logo.svg
1011463-4	University%20of%20Missouri%20logo.svg
1011464-6	University%20of%20Nebraska%E2%80%93Lincoln%20logo.svg
10114790-9	Logo%20Niederoesterreichisches%20Pressehaus.svg
10115625-X	HKA%20Logo%20Gesamt-v%20RGB.png
1011770-2	UMK%20logo%202015.svg
1011773-8	UAM%20logo%20Poznan.jpg
1011775-1	LOGO%20IKP%20%28cropped%29.png
1011962-0	Southern%20Illinois%20University.png
1011969-3	Smu%20university%20wordmark.svg
10119951-X	Logo%20Deutsche%20Rentenversicherung%20Bund.tif
1012007-5	Herb%20Uniwersytetu%20Jagiello%C5%84skiego.svg
1012048-8	UR%20Logo%20Grau%20RGB.svg
1012118-3	VDI%20Logo%202022.svg
1012156-0	Logo-verein-fuer-socialpolitik.svg
10122205-1	Maastricht%20University%20logo%20%282017%20new%20version%29.svg
10122989-6	Logo%20Deutschlandradio%20Kultur.svg
10123570-7	Logo%20Wohlgemuth%20%26%20Lissner%2C%20Berlin.jpg
1012472-X	Icc-logo.svg
1012546-2	Zentralbibliothek%20zuerich%20logo.jpg
10126028-3	Air%20New%20Zealand%20logo.svg
10128226-6	GhostClubLogo.png
1012979-0	NSDAP-Logo.svg
1013073-1	Volkspartei%20Logo%202022.svg
10133013-3	Logo-ip-Berlin.png
1013337-9	Schweizer%20Alpen-Club%20logo.svg
10136235-3	Lh-logo.jpg
1013624-1	Infas-Logo.svg
10136450-7	BR%20Chor.svg
10136686-3	Logo%20UKSH.svg
1013754-3	DR%20logo.svg
10138103-7	Logo%20Deutscher%20Olympischer%20Sportbund%20seit%202014.svg
1013838-9	The%20New%20York%20Times%20Company%20Logo.svg
1013967-9	Watchtower.svg
10140798-1	DNB.svg
1014152-2	Exepos%C3%A9%20Logo%202012%20-%20present%20%28cropped%29.jpg
1014195-9	00.%20Marca%20UNAV%20negro%2024.png
10145371-1	Giordano-Bruno-Stiftung.svg
1014538-2	Norwegian%20School%20of%20Economics%20logo.svg
10145903-8	Logo%20ER%20sw.svg
1014663-5	Israel%20Museum.svg
1015003-1	Logo%20EMI.svg
1015060-2	Logo%20Universit%C3%A0%20Ca%27%20Foscari%20Venezia.svg
1015074-2	Coat%20of%20arms%20of%20Christ%20Church%20Oxford.svg
10150828-1	Biblioth%C3%A8que%20Medem.png
10151778-6	LogoKUL.png
1015250-7	World%20Zionist%20Organization.png
1015331-7	Mia%20minneapolis%20logo.png
1015397-4	Brasao4%20vertical%20cor%20300dpi.png
1015490-5	PAP%20logo.svg
10155670-6	Fairleigh%20Dickinson%20University%20Wordmark.png
10155895-8	Deutsches%20Literaturarchiv%20Marbach%20Logo.svg
1015673-2	KU%20Eichst%C3%A4tt-Ingolstadt%20Logo.svg
1015698-7	Birkbeck%2C%20University%20of%20London.png
1016294-X	CWRU%20Two-line%20horizontal%20logo%20Blue.svg
10163947-8	Taylor%20and%20Francis.svg
10167097-7	Mh-karlsruhe%20logoschrift%20logo.jpg
10167785-6	Saint%20Joseph%27s%20College%20Crest.JPG
1016863-1	Ahnenerbe.svg
1017057-1	Open%20University%20logo.png
1017092-3	Flohdecolognesignet.gif
1017182-4	CNAM%20Logo.svg
10172754-9	WGZ-Bank-Logo.svg
10173437-2	Salzburg%20Museum%20logo.svg
10173685-X	Logo%20Die%20Linke%20%282023%29.svg
10175720-7	ECM%20Records.svg
10178615-3	ZHdK%20Logo.svg
10180969-4	Foto%20CEPC.jpg
1018154-4	Sello%20Universidad%20de%20Sevilla%20byn.png
1018263-9	Oklahoma%20Sooners%20logo.svg
10182901-2	Mercedes-Benz%20Group%20black.svg
1018633-5	Jawaharlal%20Nehru%20University%20Logo%20vectorized.svg
1018641-4	Kew%20royalbritannicgardens%20logo.png
1018654-2	Ohio%20university%20logo.png
10187827-8	Harvard%20univ%20press.svg
1018819-8	UEA%202016%20Logo.png
10188279-8	Jacobs%20University%20Bremen%20logo.svg
1018862-9	Logo%20UniCT.svg
1018880-0	Vanderbilt%20University%20logo.svg
10190061-2	BZN%20Signet%20blau%20600dpi%2020cm.jpg
1019052-1	Theatre-du-soleil-logo.png
10190581-6	Dai%20Nippon%20Printing%20logo.svg
1019067-3	UoG%20CoA%202017.svg
10191335-7	N-tv%20logo-september2017.svg
10193452-X	Friedrich-Naumann-Stiftung%20f%C3%BCr%20die%20Freiheit%20logo.svg
1019534-8	Logo%20of%20the%20United%20States%20Department%20of%20Defense.svg
1019538-5	Uparis1.png
10197653-7	Arena%20Verlag%20Logo.svg
1019917-2	ABL%20logo.svg
10199430-8	Ash-logo.svg
1020028-9	CERN%20%287825770258%29.jpg
10200534-5	BASF-Logo%20bw.svg
1020078-2	University%20of%20Otago%20Logo.jpg
1020277-8	American%20University%20logo.svg
10203339-0	DAS%20DA%20THEATER.jpg
1020422-2	University%20of%20Salford%20Logo.png
1020474-X	Miami%20University%20logo%202021.png
1020597-4	Escudo-UNAM-escalable.svg
1020746-6	US-NationalAgriculturalLibrary-Logo.svg
1020953-0	Club%20of%20Rome%20Logo.svg
1020961-X	CBS%20logo%20%282020%29.svg
1021087-8	MinisterioEducacion.svg
1021287-5	General%20motors%20logo%20with%20wordmark.svg
1021512-8	MNK%20logo%202023%20kolorowe.png
1021799-X	Logo%20Sorbonne%20Nouvelle.png
10218-0	Heimatbund%20Niedersachsen%20e.V.%20Walsroder%20Stra%C3%9Fe%2089%2030851%20Langenhagen%20Schild%20mit%20Logo%20am%20Geb%C3%A4ude.jpg
1021995-X	ADL%20logo%20%282018%29%20cropped.svg
1022060-4	Abkm-logo.png
1022271-6	University%20of%20New%20Hampshire%20logo.svg
1022272-8	University%20of%20Connecticut%20logo.svg
1022484-1	Emblem%20of%20the%20Spanish%20Royal%20Academy%20of%20Fine%20Arts.svg
1022548-1	Logo%20unipg.svg
1022619-9	Zweckverband%20Bayerische%20Landschulheime%20Logo.jpg
1022630-8	Deutsch-Israelische%20Gesellschaft%20logo.svg
1022640-0	DG%20Kunstraum%20Diskurs%20Gegenwart.jpg
1022689-8	Rcds%20logo%202014.png
1023235684	Logo%20Carl%20Garte%2C%20Leipzig.jpg
1023393-3	KBR%20logo.svg
1023420-2	BritishLibrary.svg
1023672-7	Arms%20of%20Chichele.svg
1023738-0	RA%20logo.svg
1023779-3	Queens%20college%20logo.png
1023809117	FHAachen-logo.svg
1024466-9	European%20Commission.svg
1024878-X	Dartmouth%20College%20logo.svg
1025155343	The%20Shubert%20Theatre00.jpg
1025220-4	UW-Milwaukee.png
1025701-9	Logo%20CopenhagenBusinessSchool.svg
1025732456	Logo-universite-de-lorraine.svg
1025818-8	Royal%20Academy%20of%20Dramatic%20Art%20%28RADA%29%20logo.svg
1025877-2	Harvard%20shield-School%20of%20Government.png
1025891-7	University%20of%20Sussex%20Logo.svg
1026174-6	Texas%20Christian%20University%20wordmark.svg
1026265-9	Logo%20Austrian%20Film%20Museum.jpg
1026640-9	Florida%20State%20University%20logo.svg
1027025-5	BNE%20logo.svg
1027268-9	M%C3%BCnchener%20R%C3%BCck%20logo.svg
1027379-7	Lpb%20Logo%20RGB%203Z.jpg
10275066-X	Bblogo%2B1.png
1027727239	Penguin%20Random%20House.svg
10295339-9	Nirvana%20logo%20yellow.svg
1029603871	ANDHERI%20HILFE%20Logo.jpg
1029605-0	Universit%C3%A4t%20Bayreuth.svg
1029776-5	Logo%20Palack%C3%BD-Universit%C3%A4t%20Olomouc.svg
1029986-5	Tufts%20University%20wordmark.svg
1030066-1	DIN-Logo.svg
1030164169	Logo-Bundesstiftung-Magnus-Hirschfeld.svg
1030205-0	World%20Press%20Photo%20logo.svg
103024-3	BUW%20Logo.svg
1030247-5	Stedelijk%20Museum%20Amsterdam.svg
1030605-5	University%20of%20Hawaii%20system%20logo.png
1031265252	Logo%20Dreil%C3%A4ndermuseum%20L%C3%B6rrach.jpg
1031293-6	GoucherCollege-Logo-2c-Stacked.png
1031694-2	Hofstra%20University%20logo%20stacked.svg
10327913-1	VRT%202022.svg
10328114-9	NDR%20Kultur%20Logo.svg
1033666-7	BOKU%20Hauptlogo%20RGB.svg
1033899-8	Concordia%20shield3.jpg
10339-1	VDZ-Logo.svg
1033926-7	Moissonneur.jpg
1034106-7	Rodenstock%20%28Unternehmen%29%20Logo.svg
1034462-7	Illinois%20State%20University%20logo.svg
10353155-5	University%20of%20New%20Orleans.svg
10354208-5	Karl%20Renner%20Institut%20logo.svg
10354221-8	HR2-Kultur%20Logo%202023.svg
10355232-7	Phoenix-logo-2018.svg
1035547-9	Logo%20-%20Van%20Gogh%20Museum.png
1035680-0	Ben-Gurion%20University%20of%20the%20Negev%20logo.svg
10356999-6	Biblioteca%20Nacional%20de%20Portugal%20-%20logo.png
1035784-1	LaurierU.jpg
10360432-7	GSI%20Logo.svg
1036303489	Bund-f%C3%BCr-Geistesfreiheit-Bayern.png
1036683-0	Logo%20Uniss.jpg
10367541-3	Bradley%20University%20logo%20rgb%20Left.svg
10370564-8	AKDW%20NRW%20logo.png
1038030-9	Le%20logo%20du%20Centre%20Pompidou%20redessin%C3%A9%20en%202019%20%285%20bandes%29.svg
1038106-5	Vetmedlogo.svg
1038474-1	Logo%20Boston%20Symphony%20Orchestra.svg
1039378-X	Logo%20ghh%20web.jpg
1039805-3	Schweizer%20Buchh%C3%A4ndler-%20und%20Verleger-Verband%20Logo.svg
1039824-7	University%20of%20Oregon%20logo.svg
1039847-8	Arizona%20State%20University%20logo.svg
1039862-4	Logo%20Villa%20M%C3%A9dicis.png
1041366353	Deutsche%20Gesellschaft%20f%C3%BCr%20H%C3%A4matologie%20und%20Medizinische%20Onkologie%20Logo.svg
1041381-9	%28Venice%29%20Teatro%20La%20Fenice%20-%20Emblema.jpg
1041555-5	K%C3%B6sener%20Raute.jpg
1041703422	Logo%20flag%20MBL.jpg
1041731-X	University%20of%20Montana%20logo%20%282013%29.svg
1042732329	Musikhochschule-M%C3%BCnster-Logo.svg
1044368-X	Logo%20UAM.jpg
1044380-0	University%20of%20California%2C%20Riverside%20logo.svg
1044475056	Siedler-Verlag-Logo.png
1044983-8	Auburn%20University%20primary%20logo.svg
1045545-0	Allgemeiner%20Schnauferl-Club%20Logo.png
1046700-2	EVKIRCHEPFALZ-LOGO-HOCH-RGB.svg
1047508-4	Logo%20K%C3%B6rber%20Stiftung.svg
1047610-6	Logo%20Staatliche%20Akademie%20der%20Bildenden%20K%C3%BCnste%20Karlsruhe%202024-06-04.svg
1047647-7	Old%20Dominion%20University%20Logo.png
1047889-9	Borussia%20Dortmund%20logo.svg
1048321-4	San%20Diego%20State%20Logotype.png
1048600-8	University%20of%20Maribor.png
1049553-8	Isabella%20Stewart%20Gardner%20Museum%20Logo.png
1049680723	Seal%20of%20the%20University%20of%20California.svg
1049742214	Akademie%20f%C3%BCr%20Darstellende%20Kunst%20Baden-W%C3%BCrttemberg%20logo.png
1050025-X	Gakushuin%20University%20Logo.png
1050580-5	Orchestre%20de%20la%20Suisse%20Romande%20Logo.svg
1050601-9	LOGO%20SchlossAmbrasInnsbruck.jpg
1051443539	Goldsmithsnew.png
1051486-7	UnitedStatesInformationAgency-Logo.svg
1051615-3	KBA-Logo.svg
1051651085	Reprodukt%20logo%20klein.jpg
1051754-6	European%20Parliament%20logo.svg
1051993385	Hessische%20Landesregierung.svg
1052456-3	The%20AA.svg
10525-9	Queen%27s%20University%20Belfast%20arms.svg
1053458711	Taschen%20logo%20%28black%29.svg
1054106-8	New%20Logo%20EUI%202021%20SVG.svg
1055045-8	University%20of%20California%2C%20Santa%20Barbara%20logo.svg
1055504-3	Web%20wordmark1.png
1056959-5	KU%20Eichst%C3%A4tt-Ingolstadt%20Logo.svg
10595-8	Senato%20della%20Repubblica%20LOGO%20%28Italia%29.svg
106122161X	National%20Library%20IL%20logo%20%282023%2C%20blue%29.svg
10636-7	Universitat%20de%20Val%C3%A8ncia%20logo.svg
106405045X	Logo%20Herder%20Editorial%20%282023%29.png
1064053424	AT%20Verlag%20Logo.svg
1064135447	Rubin%20Mass%20Publishing%20House%20logo.jpg
1064198856	Muerysalzmann%20logo.jpg
1064212557	NordSued%20Logo.jpg
1065036175	Hentrich%20und%20Hentrich.png
1065132328	J.%20Berg%20Verlag%20Logo.svg
1065134916	TeNeues-LOGO%208cmRGB.jpg
1065293437	Logo%2003%20Cramers%20Kunstanstalt%2C%20Dortmund.jpg
1065295723	Logo%20Limbus%20Verlag.jpg
1065358032	Daedalus-verlag-Logo.png
106536895X	Bloomsbury%20wordmark.svg
1065502931	Ariston%20Verlag%20Logo.svg
1065644817	Logo%20Matthes%20%26%20Seitz%20Berlin.tif
1065707673	Bundesanzeiger%20Verlag%20logo.svg
1065716958	Google%2B%20Raabe%20Logo%201080x608.png
1065861060	Christian%20Verlag%20Logo.svg
1065966369	Logo%20Frederking-Thaler.jpg
1068788690	Motion%20Picture%20Association%20Globe%20logo.svg
1072889552	Zentrales%20Verzeichnis%20Antiquarischer%20B%C3%BCcher%20Logo.svg
1073020533	Albrecht%20Knaus%20Verlag%20Logo.svg
1073074005	Bassermann-Verlag-Logo.png
1074172310	Logo%20Hessische%20Polizei.svg
1075938708	Logo%20Verlag%20Herder%20rot-wei%C3%9F.jpg
10786-4	ZdK-Logo.svg
1079072683	Duke%20University%20Press%20logo.svg
1079426-8	Scandinavian%20Airlines%20logo.svg
1080154-6	New%20College%20Oxford%20Coat%20Of%20Arms%20%28Motto%29.svg
1081471-1	Logo%20Universit%C3%A0%20degli%20Studi%20Suor%20Orsola%20Benincasa.svg
1082229-X	M%C3%BCnchner%20Rundfunkorchester%20Logo%202017.svg
1082718-3	Barnard%20Logo.jpg
1084034-5	Logo%20zab.JPG
1085803171	Logo2%20pug.jpg
1085836991	Emblem%20of%20Jerusalem.svg
1085837408	LOGOICORN.png
1086197089	Fayard%20logo.jpg
1086221443	Doubleday%20Page%20%26%20Company%20logo.png
1086567188	Logo%20de%20la%20CMP.JPG
1086911474	Logo%20Cit%C3%A9%20internationale%20universitaire%20de%20Paris%20%282018%29.svg
1087122-6	Chicago%20Symphony%20Orchestra%20Logo.svg
1087228-0	NDR%20Vokalensemble%20Logo%202021.svg
1087240-1	Royal%20Philharmonic%20Orchestra%20logo.svg
1087420326	SNS-Bilder%20Zeitstrahl%201942.jpg
1088563538	Logo%20hachette%20livre.png
1089046-4	Solidarno%C5%9B%C4%87%20logo%20FoP.jpg
1091635-0	Logo%20%C4%8CF.png
1092710-4	London%20Philharmonic%20Orchestra%20Logo.svg
1093388-8	Colgate%20University%20Wordmark%202018.svg
1095305-X	Apple%20logo%20black.svg
10961-7	Fabian%20Society%20logo.png
1096431-9	Bavarian%20State%20Orchestra%20Logo.png
1096884-2	Schiller-Institut-Logo.svg
1097368-0	Uniroma1.svg
1099665-5	BBALogo%20alt.jpg
110126-2	The%20University%20of%20California%201868%20UCSC.svg
1101588381	50%20Jahre%20Rai%20S%C3%BCdtirol%20logo.png
110193-6	Kingscollegearms-alternative.svg
110296087X	Logo%20ohne%20Text.%20Verband%20deutscher%20Schriftstellerinnen%20und%20Schriftsteller.svg
1106413822	SVT%202016.svg
1111664374	Logo%20BMBWF.svg
1112101616	Nebraska-logo.jpg
1115743961	Logo%20p14.svg
1117032795	SWR%20Symphonieorchester%20Logo%202023.svg
1118649176	United%20States%20Lines%20Logo.png
1119823528	Deutsches%20Zentrum%20Kulturgutverluste%20Logo.png
112147-9	Breuninger%20Logo.jpg
112881-4	Bennington%20College%20logo.jpg
1131732537	Deutschlandfunk%20Kultur%20Logo%202017.svg
1140021605	Kulturstiftung%20Sachsen-AnhaltLogo.svg
1141258943	Logo%20aube%202011%20%282%29.jpg
114499-6	Memorial%20University%20of%20Newfoundland%20Logo.svg
114506-X	Logo%20PUCESD.png
114726-2	Logotipo%20de%20Renfe%20Operadora.svg
114792-4	Universit%C3%A9%20de%20Limoges.png
11482-0	VDZ-Logo.svg
115151-4	Mount%20Allison%20Univ%20wordmark.png
115269-5	Com%C3%A9die-Fran%C3%A7aise%20logo.svg
115480-1	ANC%20Logo.jpg
115488-6	German%20People%27s%20Party.svg
1156310628	Jonathan%20Cape%20-%20Logo.png
1159728283	Sellerio%20logo.png
116062-X	LogoIF%20g%C3%A9n%C3%A9ral.png
116389-9	San%20Jose%20State%20University%20logo.svg
116397-8	Logo%20Museum%20Ludwig.svg
116443-0	Logo%20del%20Museo%20Nacional%20del%20Prado.png
116819-8	Electa%20Gruppo%20Mondadori%20logo.png
117617195X	Dargaud%20Logo.png
117687-0	Allgemeiner%20Deutscher%20Musikverein%20%28logo%2C%201861%29.png
117762-X	DNVP%20logo%20%28basic%29.svg
1180071476	Ak-provenienz-logo.svg
118299-7	Biblioteca%20nacional%20mmoreno%20logo.png
118318106X	IDS-Logo-dark.svg
118681-4	University%20of%20New%20England%2C%20Maine%20logo.png
1186994983	Kreutzkamm%20Logo-Gross%202024.jpg
1187178799	Rbb24%20Inforadio%20Logo%202022.svg
1193766273	Basic%20Books%20logo.svg
1194985181	Palgrave%20Macmillan%20Logo.svg
1197555692	Logo%20Edizioni%20di%20Comunit%C3%A0.jpg
120037-9	MIT%20Press%20logo.svg
120425-7	Museum%20of%20Decorative%20Arts%20in%20Prague%20logo.svg
120439587X	Novafilm.png
1210068028	CPB%20films.jpg
1210881926	Aargauer%20Literaturhaus%20Lenzburg%20logo.png
1212286-5	NBC%20logo%202022%20%28vertical%29.svg
1212471-0	Los%20Angeles%20Philharmonic%20logo.svg
1212749-8	Logo%20Thomanerchor.svg
1214077-6	Bayerische%20Landeszentrale%20f%C3%BCr%20neue%20Medien%20Logo%202014.svg
1214928-7	Oesk%20logo.svg
1214989-5	Pink%20Floyd%20logo%20since%201994.svg
121557-7	Logo%20of%20the%20Swiss%20National%20Front.svg
1217064-1	Tonhalle-Orchester%20Z%C3%BCrich.svg
1217095-1	The%20Smiths%20Logo.PNG
1219360-4	Actes%20Sud%20logo.svg
1220138-8	Huberlin-logo.svg
1220756-1	Siegel%20der%20Universit%C3%A4t%20Breslau.jpg
122107-3	De%20Nederlandsche%20Bank%20logo.svg
1222064-4	ACV%20Automobil-Club%20Verkehr%20Logo.svg
122263-6	Moeseler%201975.png
1224334-6	BayWa%20Logo.svg
1229243-6	Logouniversidadcadiz.svg
1231122-4	Museo%20Storico%20Italiano%20della%20Guerra%20-%20Logo%203.jpg
1231240-X	Bonifatius-GmbH-Logo.jpg
1231942-9	O%C5%9Brodek%20KARTA%20New%20Logo%20CMYK%2001.jpg
123863-2	Deutscher%20%C3%84rzteverlag%20Logo.png
1239502-X	Logo%20univpazmany.svg
124029-8	Swiss%20army%20logo%202023%20claim%20de.svg
1240636-3	Verband%20der%20Historiker%20und%20Historikerinnen%20Deutschlands%20Logo.svg
1242567-9	%C4%8Ceska%20televize%20flat%20logo.svg
1244646-4	Niederegger%20Logo.svg
124498-X	Siegelmarke%20Reichsdruckerei%20-%20Formular%20-%20Verwaltung%20W0204486.jpg
124909-5	Logo%20of%20the%20Vereinigte%20Stahlwerke%20AG.svg
1250249-2	Bibliotheca%20Alexandrina%20%28logo%29.svg
126286-5	Letterhead%20National-Social%20Association.jpg
126587-8	Vassar%20College%20logo.svg
126885-5	Cal%20state%20la%20textlogo.png
127402-8	Sigla-UB.jpg
1282939076	Letzte%20Generation%20logo%20stenciled%20onto%20footpath%20Berlin%20Germany.jpg
128766-7	Logo%20La%20contemporaine.jpg
1300565-0	Logo-BAG-Spiel-Theater.svg
13011-4	Mark%20of%20the%20U.S.%20Coast%20Guard.svg
1301204-6	Lafayette%20College%20wordmark.png
1303840-0	Ludwig%20Verlag%20Logo.png
130443-4	Red%20Army%20Badge.svg
131051-3	RTF1959.svg
131167-0	McGraw-Hill%20wordmark.svg
131392-7	Suomen%20Akatemia%20Logo.svg
131596-1	Addison%20Wesley%20Logo.svg
13202-0	Museo%20del%20oro%20logo.png
134097-9	Czechoslovak%20Television%20Logo.svg
135361-5	Western%20Union%20current%20logo.svg
135677-X	Weisser%20Ring%20Logo.svg
13632-3	Seoul%20national%20university%20logotype.svg
13728-5	Logo%20der%20Sozialdemokratischen%20Partei%20der%20Schweiz%202009.svg
1389-4	University%20of%20Chicago%20wordmark.svg
138923-3	Carl-Zeiss-Stiftung%20Logo.svg
140358-8	Logotipo%20oficial%20de%20la%20UEx.jpg
14065-X	Duqlogo.png
14093-4	Cleveland%20State%20logo.png
14166-5	University%20of%20Missouri%E2%80%93Kansas%20City%20%28old%29%20logo.svg
14184-7	SIAE%20-%20Nuovo%20logo.svg
14279-7	Texas%20Southern%20University%20wordmark.svg
146049-3	BUF%20political%20logo.png
14747-3	Logo%20Th%C3%BCringer%20Landtag.svg
14803-9	LogoUNED.jpg
15759-4	Rheinland-Pfalz%20Logo.svg
1600049-3	Universit%C3%A9%20Catholique%20de%20Lille%20blason.svg
16002789-5	FM4.svg
16004058-9	AECID%20logo.svg
16005-2	I.G.%20Farben%20logo.svg
16008929-3	HTW%20Berlin%20logo.svg
16010615-1	A%2AdS%20logo.svg
16015541-1	GESIS-Logo%202024.svg
16019767-3	ZDFtheaterkanal%20Logo.svg
16020960-2	Brentano%27s%20Booksellers%201916.png
16023254-5	Universit%C3%A4tsbibliothek%20Duisburg-Essen%20Logo.svg
16031845-2	Logo%20Hochschule%20f%C3%BCr%20Musik%20Saar%202024-07-25.svg
16032013-6	Bundesagentur%20f%C3%BCr%20Arbeit-Logo.svg
16033073-7	Logo%20Kunststiftung%20NRW%20%28schwarz%29.png
16033783-5	University%20of%20Luxembourg%20logo%20%28fr%29.svg
16035295-2	DRV%20Nord%20logo.svg
16037727-4	Logo%20bmeia.svg
16041069-1	Gerth%20Medien-Logo.svg
16055360-X	BARMER%20Logo.svg
16058490-5	Marquis%20logo.png
16059-3	Logo%20ULL.jpg
16061160-X	Kleine%20Zeitung%20%282021-01-21%29.svg
16062534-8	Logo%20de-nordrhein%20westfalen%20300px.png
16064435-5	Sfu%20wien%20logo.svg
16068161-3	Deutscher%20Kunstverlag%20logo.svg
16083148-9	Logo%20des%20Nagel%20%26%20Kimche%20Verlages.jpg
16086687-X	Fhburg.svg
16098795-7	Huk-coburg-2024.svg
16101044-1	Logo%20Fratelli%20Fabbri%20Editori.png
16101540-2	Deutsche%20Gesellschaft%20f%C3%BCr%20Internationale%20Zusammenarbeit%20Logo.svg
16104027-5	Zeiss%20logo.svg
16159133-4	Folkwang%20Universit%C3%A4t%20Logo%202023.png
16163115-0	Film-%20und%20Medienstiftung%20NRW%20Logo.svg
16163379-1	Stony%20Brook%20University%20logo.svg
16167406-9	Murmann%20Verlag%20Logo.svg
16170775-0	Spiegel%20TV%20Logo.svg
16171931-4	HMTM-Logo-2010.svg
16173556-3	Freenet%20Logo%202022.svg
16176700-X	FAES%20logo.svg
16176906-8	Logo-DIE-Bonn.svg
16184059-0	Gedenkveranstaltung%20blumen%20f%C3%BCr%20stukenbrock%202018.jpg
16318478-1	Logo%20Casa%20Editrice%20Bestetti%201906%20Milano.jpg
16323890-X	Harrods.svg
16330065-3	Mocak-museum-contemporary-art-krakow-logo.png
16335271-9	Logo%20Carl-Schmitt-Gesellschaft%20e.V.png
16338972-X	Stadtbibliothek%20Stuttgart%20Logo.svg
16340845-2	Logo-Der-Spiegel-de.png
16343585-6	FischerAppelt%20Logo.svg
16418-5	Logotipo%20da%20FFLCH%20USP.png
1658-5	University%20of%20Minnesota%20wordmark.png
16867-1	SRE%20Logo%202019.svg
16893-2	Logo%20Handelsh%C3%B8jskolen%20Aarhus%20Universitet.gif
1701650-2	Gonville%20%26%20Caius%20College%20Crest.svg
1713-9	Nyu%20short%20color.svg
17264-9	Logo%20Isar-Amperwerke.jpg
17359-9	Logo%20GKM.svg
17372-1	Reichskolonialflagge.svg
17381-2	IHK%20Berlin%20Logo.svg
17385-X	LOGO%20ihk%20leipzig.jpg
17402-6	Deutscher%20Brauer-Bund%20Logo.svg
17690-4	RKI-Logo.svg
17781-7	EWR%20Logo%202011.svg
18183-3	US-NEH-2010Logo.svg
18190-0	University%20of%20Cincinnati%20seal.svg
18387-8	Johns%20shield.png
18443-3	Vd%C3%9C%20Logo%20mit%20Slogan%202021.svg
18704-5	Broken%20rifle.svg
18740-9	Lange%20Nacht%20der%20Wissenschaften%20DAI%20Berlin%2007.JPG
18799-9	Logo%20ZWST%2006%202020.png
1900610-X	Bleicher%20Verlag%20Logo.tif
19433-5	Tyrolia-logo.svg
19455-4	Uni%20hagen%20logo.svg
19462-1	Campus-Verlag%20Logo.svg
19608-3	Frauenoffensive%20Logo.png
19718-X	Kais.%20Univers.%20%26%20Landes-Bibliothek%20Strassburg%20%28Stempelaufdruck%29%20in%201914.png
19773-7	Roundel%20of%20Austria.svg
2000043-1	Pushkin%20Museum%20logo.svg
2000588-X	Logo%20Kultusministerkonferenz%20KMK.svg
2000859-4	Logo%20Hessisches%20Landeskriminalamt.svg
2000862-4	Friedrich-Alexander-Universit%C3%A4t%20Erlangen-N%C3%BCrnberg%20logo.svg
2001375-9	KSK%20K%C3%B6ln.jpg
2001386-3	Universit%C3%A4t%20Bremen.svg
2001630-X	Uni%20Marburg%20Siegel.svg
2001963-4	Gesamtdeutscher%20Block-BHE%20Logo.svg
2001965-8	MPZ%20Bayern%20logo.svg
2002102-1	Edklogoschweiz.png
200216-4	Giulio-einaudi%20logo.png
2002255-4	Hapag-Lloyd.svg
2002297-9	Logo%20Kulturbund%20der%20DDR.svg
2002498-8	Logo%20Heidelberg%20University%20Library.png
2002513-0	Logo%20Bayer.svg
2002585-3	LMU%20Muenchen%20Logo.svg
2002604-3	Deutsche%20Bank%20logo%20without%20wordmark.svg
2003070-8	Universitat%20Konstanz%20logo.svg
2003096-4	Misereor%20Logo%20%282022%29.png
2003321-7	Epd%20Logo.svg
2003429-5	Opel%20logo%202023.svg
2003435-0	Fabercastell%20textlogo.png
2003482-9	AachenM%C3%BCnchener%20logo.svg
2003541-X	ADLER%20Werke%20Logo.svg
2003669-3	Logo%20Aktion%20Gemeinsinn.jpg
2003725-9	Aktionsgemeinschaft%20Soziale%20Marktwirtschaft%20logo.svg
2003740-5	Universit%C3%A4t%20Bonn.svg
2003761-2	AkbildWienLogo2021.jpg
2003822-7	American%20Academy%20of%20Arts%20and%20Sciences.png
2003911-6	Amnesty%20international%20Logo.svg
2004143-3	ARD%20Logo%202019.svg
2004155-X	Awo-logo-08.svg
2004374-0	BVG%20Logo%2007.2021.svg
20044-X	Philips%20shield%20%282013%29.svg
2004584-0	KU%20Eichst%C3%A4tt-Ingolstadt%20Logo.svg
2004604-2	Bibliographisches%20Institut%20GmbH.svg
2004702-2	Sch%C3%B6fferhofer%20-%20Hefeweizen%20Alkoholfrei%202019.jpg
2004992-4	ARRI%20Arnold%20%26%20Richter%20Cine%20Technik%20logo.svg
2005057-4	Institut%20der%20deutschen%20Wirtschaft%20Logo.svg
2005194-3	AJR%20Logo%20Simple.PNG
2005236-4	Augustana-Hochschule%20Neuendettelsau%20Logo.svg
2005265-0	Generali%20wordmark%20logo.svg
2005291-1	Atlantik-Br%C3%BCcke%20logo.svg
2005348-4	Logo%20BR%20Fernsehen%202021.svg
2005422-1	Sparkassenverband-Bayern-Logo.svg
2005429-4	BLV%20Logo%20seit%202009.jpg
2005437-3	Bayerischer%20Lehrer-%20und%20Lehrerinnenverband%20Logo.png
2005475-0	BMW%20logo%20%28gray%29.svg
2005486-5	Staatliche%20Archive%20Bayerns%20Logo.svg
2005531-6	BR%20Dachmarke.svg
2005535-3	Beatles%20logo.svg
2005730-1	Benz%20und%20Cie%20Mannheim.jpg
2005747-7	TUBAF%20Logo.svg
2005812-3	BergischerGeschichtsvereinLogo.jpg
2006032-4	Graff-Logo.png
2006093-2	BA%20prime%20logo.svg
2006097-X	Brandenburgisches%20Landeshauptarchiv%20-%20Logografie.png
2006150-X	BDVI-Logo.svg
2006167-5	Logo-Bund-Deutscher-Architektinnen-Architekten.svg
2006180-8	LogoBKP.svg
2006199-7	GiL-Logo%20mS%20RGB.jpg
2006248-5	BDK%20Fachverband%20f%C3%BCr%20Kunstp%C3%A4dagogik%20Logo.png
2006262-X	BDV%20Logo%20mit%20Verlauf.tif
2006281-3	Buechergilde%20Gutenberg%20Logo.gif
2006452-4	Heeresgeschichtliches%20Museum%2C%20Logo.svg
2006586-3	Bundesrechtsanwaltskammer%20logo.svg
2006624-7	Wortbildmarke%20CHBECK.svg
2006655-7	BZgA%20Logo.svg
2006663-6	Logo%20bpb.svg
2006707-0	CSU%20Logo%20since%202016.svg
2006728-8	C.%20Bertelsmann%20Logo.png
2006874-8	Logo-cjd.svg
2007034-2	Logo%20Carl%20Hanser%20Verlag.svg
2007165-6	Logo%20KAE.svg
2007179-6	Creditanstalt%20logo.PNG
2007419-0	Daimler-Benz%20Logo%20alt.svg
2007493-1	Logo%20DGzRS%20neu.svg
2007498-0	Deutsche%20Gesellschaft%20f%C3%BCr%20Natur-%20und%20V%C3%B6lkerkunde%20Ostasiens%20Logo.svg
2007602-2	Dgp%20Logo%20DinA4%20min-fr%20weiss%20petrol.png
2007640-X	DLG%20Logo.jpg
2007664-2	DEFA%20Logo.svg
2007726-9	Posthorn%20Logo%20Dt%20Bundespost.svg
2007744-0	DFG-logo-blau.svg
2007837-7	Deutsche%20Bundesbahn.svg
2007866-3	Logo%20der%20Deutschen%20Multiple%20Sklerose%20Gesellschaft%2C%202020.svg
2007876-6	Dpa%20Logo%202021.svg
2007896-1	UNESCO-Kommission-e.V.-Bonn.svg
2007897-3	DLRG%20Logo%202024.svg
2007937-0	Lufthansa%20Logo%202018.svg
2007998-9	Logo%20der%20Deutschen%20Sportjugend.png
2008004-9	Deutsche%20Reichsbahn%20Gesellschaft%20logo.svg
2008061-X	Deutscher%20Akademischer%20Austauschdienst%20logo.svg
2008083-9	Logo%20DGC.svg
2008094-3	Logo%20dav%20cmyk.png
2008165-0	Logo%20DAV.svg
2008208-3	Deutscher%20Journalisten-Verband%20logo.svg
2008246-0	Deutscher%20Fu%C3%9Fball-Bund%20logo.svg
2008247-2	Deutscher%20Germanistenverband%20Logo.jpg
2008285-X	DFF%20logo%201971%201990.svg
2008287-3	DGB-Logo.svg
2008313-0	WHH-Germany%20Logo%20Green%20sRGB.svg
2008331-2	Deutscher%20Bibliotheksverband%20Logo%2010.2019.svg
2008379-8	DBJR%20LOGO-4c.svg
2008428-6	Deutscher%20Musikrat-Logo.svg
2008571-0	Deutscher%20Leichtathletik-Verband%20logo%202024.svg
2008574-6	Dtv%20logo.svg
2008590-4	Deutscher%20Tierschutzbund%20Logo.svg
2008627-1	Deutscher%20Ruderverband%20Logo%202007.svg
2008628-3	Deutscher%20Verein%20f%C3%BCr%20%C3%B6ffentliche%20und%20private%20F%C3%BCrsorge%20Logo.svg
2008640-4	DER%20Touristik%20logo.svg
2008670-2	Deutsches%20Historisches%20Institut%20Paris%20Logo.svg
2008671-4	Logo%20Leibniz-Institut%20f%C3%BCr%20Bildungsforschung%20und%20Bildungsinformation.svg
2008677-5	Deutscher%20Werkbund%20Logo%2002.2017.svg
2008678-7	DHI%20Logo%20web.jpg
2008700-7	Deutscher%20Verein%20zur%20F%C3%B6rderung%20des%20mathematischen%20und%20naturwissenschaftlichen%20Unterrichts%20Logo.png
2008732-9	Deutscher%20Verkehrssicherheitsrat%202022%20logo.svg
2008772-X	Deutscher%20Volkshochschul-Verband%2C%20VHS-Logo%20-%20Logo%20of%20the%20German%20adult%20education%20centre%20association.png
2008803-6	Logo%20DLM.gif
2008874-7	Deutsches%20Jugendherbergswerk%20logo.svg
2008892-9	Logo%20Deutsches%20Schifffahrtsmuseum%202018.svg
2008964-8	Logo%20Deutsches%20Theater%20G%C3%B6ttingen%20%282014%29.jpg
2008985-5	Desy%20logo%203c%20web.svg
2009110-2	Dr%C3%A4ger%20Logo.svg
2009135-7	Logo%20Dynamit%20Nobel.svg
2009426-7	Econ.svg
2009444-9	M%C3%BCttergenesungswerk%20Logo.svg
2009508-9	Elsevier.svg
2009596-X	Logo%20Verlag%20Eugen%20Ulmer.png
2009729-3	Ernst%20Klett%20Verlag.svg
2009782-7	EKIR%20Logo.svg
2009798-0	Evangelische%20Kirche%20in%20Deutschland%20Logo.svg
2009806-6	Evangelische%20Kirche%20in%20Hessen%20und%20Nassau%20Logo.svg
2009821-2	Evangelische%20Akademie%20Loccum%20logo.svg
2009822-4	Evangelische%20Kirche%20von%20Kurhessen-Waldeck%20Logo.svg
2009830-3	EKvW%20Logo.svg
2009979-4	Evangelisch-Lutherische%20Kirche%20in%20Oldenburg%20Logo.svg
2010043-7	EVLKS%20Logo.svg
2010084-X	Brockhaus.svg
2010121-1	Evangelische%20Landeskirche%20Anhalts%20Logo.svg
2010284-7	Bruckmann%20Verlag%20Logo.svg
2010355-4	Flughafen%20Muenchen%20Logo.png
2010460-1	FAO%20logo.svg
2010508-3	Ford%20logo%20flat.svg
2010797-3	FDGB%20Emblem.svg
2010851-5	Logo%20Egmont%20Schneiderbuch.JPG
2010884-9	Freie%20Deutsche%20Jugend.svg
2010888-6	Fritz-Thyssen-Stiftung%20Logo.svg
2011051-0	Fb%20Logo%20RGB.png
2011271-3	Eickhoff%20.svg
2011445-X	Bauer%20Media%20Group%20Logo%202023.svg
2011488-6	GDBA%20LOGO.png
2011509-X	CALLWEY%20Logo%20Buch%204C%20Kopie.jpg
2011629-9	Westermann%20Druck-%20und%20Verlagsgruppe%20Logo.svg
2011824-7	HMK-Logo.svg
2011880-6	Gesellschaft%20f%C3%BCr%20Musikforschung%20Logo.svg
2011997-5	Gesellschaft%20f%C3%BCr%20das%20Gute%20und%20Gemeinn%C3%BCtzige%20Basel%20logo.svg
2012067-9	SiegelHistorischeKommission.jpg
2012173-8	Text-Logo%20Historisches%20Museum%20Frankfurt%20am%20Main.svg
2012266-4	Gesellschaft%20f%C3%BCr%20Sport%20und%20Technik%20Symbol.svg
2012284-6	Logo%20MUG.jpg
2012512-4	Albertina%20Logo.svg
2012551-3	Gothaer.svg
2012709-1	DBI%20Logo%202016.png
2012836-8	Logo%20Gymnasium%20Oberalster.svg
2012974-9	Harvard%20University%20logo.svg
2012983-X	Kunstmuseum%20Den%20Haag.svg
2013082-X	Hallesche%20Krankenversicherung%20Logo%202020.svg
2013158-6	MontaLogo.svg
2013524-5	IG%20Metall%20logo.svg
2013550-6	Olivetti%20logo%20%282021-present%29.svg
2013703-5	Logo%20IfD%20Allensbach.svg
2013813-1	Gta%20logo.jpg
2013927-5	Logo%20IHS.png
2014261-4	IfS%20Logo.jpg
2014524-X	Ifz-schriftzug.svg
2014727-2	Pen%20international.svg
2014785-5	Logo%20of%20the%20International%20Sociological%20Association.jpg
2015114-7	Logo%20of%20the%20International%20Society%20of%20Ethnology%20and%20Folklore.png
2015309-0	Karls-Gymnasium%20Stuttgart%20Schullogo%20Die-Liegende.jpg
2015416-1	KU%20Eichst%C3%A4tt-Ingolstadt%20Logo.svg
2015463-X	Logo%20of%20the%20Church%20of%20Jesus%20Christ%20of%20Latter-day%20Saints.svg
2015513-X	KNA%20K%20gro%C3%9F%20Verlauf.png
2015828-2	Logo%20K%C3%B6lnsches%20Stadtmuseum%20ab%20M%C3%A4rz%202022.svg
2015897-X	Ksblogo.png
2016004-5	%D0%9A%D0%9F%D0%A1%D0%A1.svg
2016052-5	Kommunistische%20Partei%20Deutschlands%2C%20Logo%20um%201920.svg
2016116-5	SCI-logo.gif
2016385-X	Logo%20koninklijke%20bibliotheek.svg
2016687-4	Lempertz%20Logo.png
2016731-3	Logo%20Kronen-Verlag%20Hamburg.png
2016751-9	KHM%20Logo%20neu.svg
2016776-3	Aussenansicht%20k.m%202016.jpg
2016790-8	Kunsthalle%20Bremen%20Logo.svg
2016799-4	Kunstmuseum%20Bern%20Logo.svg
2016800-7	Kunstverein%20Ulm%20Logo.png
2016865-2	Brendow-verlag-logo.png
2016946-2	Johanniter%20Logo%202024.svg
2017005-1	Junge%20Union%20Deutschlands%20Logo.svg
2017048-8	Schleswig-Holstein.svg
2017137-7	Kuratorium%20Deutsche%20Altershilfe%20Logo.svg
2017167-5	Lsv-logo.svg
2017338-6	P%C3%A4dagogische%20Hochschule%20Heidelberg%20logo.svg
2017557-7	LmDR%20LOGO.jpg
2017572-3	Landkreistag%20Baden-W%C3%BCrttemberg%20logo.svg
2017629-6	Logo%20LO-01.jpg
2017770-7	Peking%20University%20Logo.png
2017795-1	Logo%20Peter%20Hammer%20Verlag.tif
2017806-2	Wiener%20Philharmoniker%20logo.svg
2017814-1	Reclam-Verlag%20logo.svg
2017818-9	Penn%20state%20university%20textlogo.png
2017841-4	Physikalisch-Technische%20Bundesanstalt%202013%20logo.png
2018009-3	Pionierorganisation%20Ernst%20Thaelmann-Emblem2.svg
2018088-3	Gewandhausorchester%20Logo%202015.svg
2018226-0	Leonberger%20Bausparkasse%20Logo%201974.svg
2018240-5	Lonza%20Logo.svg
2018469-4	Radio%20DDR%20I-II.svg
2018485-2	Radio%20DDR%20I-II.svg
2018487-6	Rat%20f%C3%BCr%20Formgebung%2C%20Logo.jpg
2018492-X	Khlogo.jpg
2018657-5	Ludwig-Erhard-Stiftung%20logo.svg
201887-1	Logo%20Hohenzollerische%20Landesbahn.svg
2018944-8	Logo-Muenchner%20Stadtmuseum.png
2019026-8	Mannesmann.svg
2019054-2	Maschinenfabrik-Esslingen.png
2019323-3	Museum%20f%C3%BCr%20Kunst%20und%20Gewerbe%20Hamburg%2C%20Logo%20Extern%20positiv.jpg
2019538-2	Medizinische%20Hochschule%20Hannover%20logo.svg
2019551-5	Logo%20DuMont.jpg
2019741-X	Absolventenabzeichen%20Friedrich-Engels.jpg
2019776-7	Rosenthal%20AG%20Logo.svg
2019909-0	Robert%20Rosch%20Krankenhaus%20Logo.svg
2019917-X	Bosch-logo.svg
2019989-2	National%20Gallery%20Prague.svg
2019996-X	Rutgers%20University%20with%20the%20state%20university%20logo.svg
2020049-3	Rowohlt%20logo.svg
2020099-7	RIAS%20Logo.svg
2020381-0	Nord%20LB%20logo.svg
2020453-X	Norddeutscher%20Lloyd%20flag.svg
2020461-9	NDR%20Dachmarke.svg
2020726-8	L%C3%A4nderbank1.jpg
2020727-X	%C3%96sterreichischer%20Gewerkschaftsbund%20logo.svg
2020839-X	ORF%20logo.svg
2020867-4	Caritas%20Austria-logo.svg
2021024-3	LogoOstfriesischeLandschaft.svg
2021496-0	Logo%20von%20Pro%20Juventute.svg
2021498-4	Sig%20runes.svg
2021655-5	Swiss%20Re%202013%20logo.svg
2021731-6	Croix-Rouge%20suisse%20logo.svg
2021825-4	SNF%20logo%20standard%20logo.png
2021858-8	Logo%20Seven%20Seas%20Publishers.png
2021892-8	Siemens%20%26%20Halske.jpg
2021937-4	Senderfreiesberlin-logo.svg
2021970-2	Polizeiadler.svg
2022016-9	American%20Friends%20Service%20Committee%20logo.png
2022070-4	Flag%20of%20Die%20Falken.svg
2022139-3	SPD-Logo%202022%20%28rot%29.svg
2022188-5	SDAJ%20Logo.svg
2022204-X	Sozialistische%20Einheitspartei%20Deutschlands%20Logo.svg
2022341-9	Logo%20SKD.jpg
2022556-8	Hamburg-logo.svg
2022652-4	Logo%20Bibliothek%20Witten.jpg
2022732-2	Logo%20ER%20sw.svg
2022790-5	Stadtwerke%20Duesseldorf%20Logo.svg
2022946-X	Logo%20ER%20sw.svg
2023076-X	Stiftung%20wissenschaft%20politik%20logo.jpg
2023115-5	Lsh%20logo.gif
2023122-2	Logo%20Stifterverband%20%284C%29%20.jpg
2023163-5	Prohelvetia%20Logo.svg
2023194-5	Stiftung%20Deutsche%20Sporthilfe%2020xx%20logo.svg
2023226-3	Wappen%20der%20Sudetendeutschen.png
2023243-3	S%C3%BCddeutscher-Verlag-Logo.svg
2023668-2	Logo%20of%20UNICEF.svg
2023678-5	Hebrew%20University%20Logo.svg
2023731-5	USPD%20logo%2C%201920.svg
2023755-8	Logo%20UNESCO%202021.svg
2023768-6	Logo%20Universit%C3%A4t%20Bern.svg
2023928-2	ETH%20Z%C3%BCrich%20Logo%20black.svg
2024114-8	Logo%20TU%20Dresden.svg
2024177-X	Universit%C3%A4t%20Bielefeld%20Logo.svg
2024211-6	Universit%C3%A4t%20Freiburg%20%28Schweiz%29%20logo.svg
2024231-1	Siegel%20Uni%20K%C3%B6ln%20%28grau%29.svg
2024276-1	Logo%20MLU%20Halle-Wittenberg.svg
2024311-X	Siegel-Albertina-Koenigsber.png
2024315-7	Georg-August-Universit%C3%A4t%20G%C3%B6ttingen%20Logo.svg
2024320-0	Johannes%20Gutenberg-Universit%C3%A4t%20Mainz%20logo.svg
2024334-0	Unika.svg
2024343-1	Universit%C3%A4t%20Leipzig%20logo.svg
2024349-2	Logo%20University%20of%20Heidelberg.svg
2024369-8	Uni-mannheim.svg
2024398-4	Logo-vbe.svg
2024427-7	Universit%C3%A4t%20des%20Saarlandes%20logo.jpg
2024496-4	Verband%20der%20Geschichtslehrerinnen%20und%20-lehrer%20Deutschlands%20Logo.png
2024619-5	Logo%20tcs%203D.jpg
2024703-5	Uni%20Wien%20logo.gif
2024920-2	VKU%20Logo.png
2025003-4	University%20of%20Li%C3%A8ge%20logo.svg
2025100-2	Seal%20of%20University%20of%20California%2C%20Berkeley.svg
2025113-0	Logo%20Universit%C3%A4tsbibliothek%20Mannheim.svg
2025248-1	VfcG-Logo-800.png
2025447-7	VELKD-Logo.svg
2025596-2	Volk%20und%20Wissen%20Verlag.png
2025667-X	Logo%20Karl%20Alber%2C%20Freiburg%20i.%20Br..JPG
2025675-9	Kiepenheuer%20%26%20Witsch.svg
2025755-7	Vereinigung%20Evangelischer%20Freikirchen%20Logo.svg
2025834-3	Vereinigung%20Deutscher%20Wissenschaftler%20-%20Verantwortung%20der%20Wissenschaft%20logo.tiff
2026175-5	Wayne%20State%20University%20logo.svg
2026268-1	Verlag%20Walter%20de%20Gruyter%20Logo.svg
2026461-6	Wissenschaftsrat-Logo.svg
2026538-4	World%20YMCA%20logo.svg
2026570-0	WUPL-international.jpg
2026590-6	Weserbund.jpg
2026599-2	WDR%20Dachmarke.svg
2026647-9	Wdr%20fernsehen%20logo%202016.svg
2026779-4	Kunstgeb%C3%A4ude%20Schlossplatz%20Stuttgart%202015%2002.jpg
2026842-7	WMF-Logo.svg
2026867-1	Wiener%20Symphoniker%20Logo%202020.svg
2026883-X	Logo%20des%20Tierschutz%20Austria%20%28Wiener%20Tierschutzverein%29.png
2026904-3	Wirtschaftsrat%20Deutschland%20Logo.svg
2026956-0	Goldmann-Verlag-Logo.svg
2027118-9	ZDH%20RGB%20pos%20M.svg
2027214-5	ZdK%20Logo.svg
2027483-X	Landtag%20SH%20Logo.svg
2027580-8	Swiss%20Council%20Logo.svg
2027703-9	OLB%20Bank%20Logo%202019.12.svg
2027866-4	UnitedStatesInformationAgency-Logo.svg
2028096-8	Logo%20Bayerischer%20Landtag.png
2028173-0	Landtag%20BW%20Logo%202020.svg
2028408-1	Logo%20Bremische%20B%C3%BCrgerschaft.svg
2028496-2	RathausBremen-02.jpg
2028872-4	Logo%20fdp%20bundestagsfraktion.svg
2029155-3	BPA%20Logo.svg
2029240-5	C.%20Bertelsmann%20Logo.png
2029382-3	Bundeskanzleramt%20AT%20Logo.svg
2029385-9	Landtag%20Niedersachsen%20Logo.svg
2029430-X	BMI%20AT%20Logo.svg
2029522-4	LANDTAG%20NRW%20Logo.svg
2029758-0	Rheinland-Pfalz%20Staatskanzlei.svg
2029773-7	Landtag%20RLP%20Logo.svg
2030541-2	Bayernlb-logo.svg
2030564-3	Graefe-Unzer-logo.png
2031204-0	Logo%20Hochschule%20f%C3%BCr%20Gestaltung%20Offenbach%20am%20Main%202024-07-25.svg
2031281-7	Logo-Kindernothilfe.svg
2031351-2	Bayerische%20Staatsbibliothek%20logo.svg
2031369-X	Dalhousie%20University%20Wordmark%202014.svg
2031483-8	Hessische%20Landesregierung.svg
2031505-3	S%C3%BCdwestbank%202011%20logo.svg
2031525-9	Oesterreichische%20Nationalbank%20Logo.svg
2031589-2	Greater%20coat%20of%20arms%20of%20Baden-W%C3%BCrttemberg.svg
2032050-4	SBB%20CFF%20FFS%20logo.svg
2032251-3	Rotbuch.jpg
2032471-6	Steinway%20and%20Sons%20logo.svg
2032728-6	Deutsches%20Rundfunkarchiv%20mit%20Claim%20logo%20%282023%29.svg
2033184-8	Verband%20Christlicher%20Pfadfinderinnen%20und%20Pfadfinder%20%28VCP%29%20Logo%20%28Lilie%29.svg
2033570-2	Leipzig%20E.%20A.%20Seemann%20971.jpg
2033778-4	HSFK%20-%20PRIF%20logo.svg
2033836-3	Logo%20Platen-Gymnasium-Ansbach.jpg
2033929-X	LogoName%20RGB%20SIPRI.jpg
2034001-1	Logo%20of%20Carl%20Friedrich%20von%20Siemens%20Stiftung.png
2034005-9	Migros.svg
2034061-8	Rundfunk%20der%20DDR.svg
2034577-X	Logo%20Polizeipr%C3%A4sidium%20M%C3%BCnchen%20-%20Polizeistern.svg
2034671-2	George%20Washington%20University%20wordmark.svg
2034864-2	Bund%20Deutscher%20Kriminalbeamter%20Logo.svg
2034891-5	Hoechst%20logo.svg
2035304-2	Seal%20of%20the%20Oberkommando%20der%20Wehrmacht%20W0224206.png
2035913-5	Arbeiter-Samariter-Bund%20Deutschland%20logo.svg
2035952-4	Bayerische%20Staatsoper%20Logo.svg
2036001-0	SV-Werder-Bremen-Logo.svg
2036096-4	Henle%20Verlag%20Logo.svg
2036208-0	CDU%20LV%20Hessen.svg
2036321-7	Roter%20Frontk%C3%A4mpferbund.svg
2036434-9	Carlsen-verlag-logo-2012.svg
2036727-2	KLM%20logo.svg
2036810-0	Deutsches%20Krebsforschungszentrum%20Logo.svg
2036897-5	Bruedergemeinde%20Logo.svg
2036907-4	Logo%20Sikorski.gif
2036991-8	OeSD-Logo-2015.png
2037129-9	Staatsarchiv%20Ludwigsburg%20Logo.svg
2037665-0	GTZ-Logo.svg
2038462-2	Berenberg%20Bank%20Logo%20english.jpg
2039654-5	University%20of%20Arizona%20logo.svg
2040420-7	SchlueterscheLogo2024.png
2040438-4	Suisa%20Logo.svg
2040585-6	KKH%20Logo%202023.svg
2040762-2	Logo%20Erasmus%20Universiteit%20Rotterdam.svg
2041207-1	LOGO%20WKD%20DIV%20H%2039-14%204c.png
2042238-6	Gesellschaft%20f%C3%BCr%20bedrohte%20V%C3%B6lker%20Logo.svg
2042286-6	Armeemuseum%20der%20DDR%20Logo.svg
2042400-0	BR%20Symphonieorchester%20Logo%202023.svg
2042543-0	Logo%20HSB.svg
2042894-7	TU%20Graz.svg
2043133-8	DVGW%20logo.svg
2043600-2	Bpk2011-34.jpg
2043869-2	Pan%20Am%20Logo.svg
2043951-9	RoehmGmbH.svg
2043963-5	VWD%20logo.svg
2044021-2	ASF%20Logo%20klein.jpg
2044215-4	Logo%20KEG.png
2045018-7	Musik%20HS%20Dresden.svg
2045111-8	University%20of%20California%2C%20Los%20Angeles%20logo.svg
2045143-X	Universal%20edition%20logo%202008.jpg
2045279-2	IFLA%20org%20logo.svg
2045531-8	University%20of%20Illinois%20at%20Urbana%E2%80%93Champaign%20logo.svg
2046556-7	SCHIESSER%20LOGO%202011.svg
2048870-1	Opus%20Dei%20cross.svg
2049654-0	FN-Herstal-logo.svg
2049987-5	Hans%20B%C3%B6ckler%20Stiftung%20Logo.svg
2050443-3	Griffelkunst-Logo-1.png
2050703-3	Gesamtverband%20der%20Deutschen%20Versicherungswirtschaft%20logo.svg
2050984-4	North%20Dakota%20State%20University%20wordmark.svg
2051271-5	Westermann%20Druck-%20und%20Verlagsgruppe%20Logo.svg
2051339-2	Bund%20f%C3%BCr%20Umwelt%20und%20Naturschutz%20Deutschland%20logo.png
2051652-6	Volkspolizei%20Emblem.svg
2051752-X	WW%20logo.svg
2051813-4	Siegel%20Helmstedt%20Universitaet.png
2052013-X	K%C3%BChne%20%2B%20Nagel%20logo.svg
2052695-7	Heinlewischer%20Wortmarke%202022.png
2053361-5	Deutsches%20Nationalkomitee%20f%C3%BCr%20Denkmalschutz%20Logo.svg
2054142-9	Logo%20%C3%96sterreichischer%20Wissenschaftsfonds%20FWF.jpg
2054166-1	Baden-W%C3%BCrttembergische%20Bank%20logo.svg
2055001-7	Logo%20Uni-Kassel.svg
2055542-8	Gerhard-Marcks-Haus%20Logo.jpg
2056039-4	Logo%20GoetheInstitut%202011.svg
2056251-2	Deutsche%20Fotothek%20Logo%202022.jpg
2056981-6	Braun%20logo%201990er.svg
2057020-X	GEDOK.jpg
2057291-8	Merck%20Finck%20Logo.jpg
2057502-6	Logotipo%20del%20Ministerio%20de%20Cultura%20y%20Deporte.svg
2058316-3	Hamburger%20SV%20logo.svg
2058914-1	RFERL%20primary%20brandmark.svg
2062455-4	Ministerium%20des%20Innern%20und%20f%C3%BCr%20Sport%20Rheinland-Pfalz%20Logo.svg
2062458-X	F%C3%BCrstenberg%20Porzellan%20Logo.jpg
2063243-5	Theatererlangen.jpg
2063382-8	Dpi%20logo.svg
2063873-5	Beh%C3%B6rde-f%C3%BCr-Schule-und-Berufsbildung-Logo.svg
2064132-1	HDI-Logo.svg
2064596-X	Logo%20Schule-Marienau%202020.jpg
2068270-0	Hochschule%20f%C3%BCr%20bildende%20K%C3%BCnste%20Hamburg%20Logo.svg
2068659-6	Konrad-Adenauer-Stiftung%20logo.svg
2069134-8	Dbg-logo.svg
2069151-8	Kunstverein%20Coburg%20Logo.gif
2069391-6	Logo%20Verband%20Deutscher%20Maschinen-%20und%20Anlagenbau.svg
2069482-9	Louisiana%20Museum%20of%20Modern%20Art%20logo.svg
2070341-7	Nestl%C3%A9%20textlogo.svg
2070492-6	Munzinger.svg
2070983-3	Logo%20Goebel%20neu.jpg
2071070-7	Bertelsmann%20Stiftung%20Logo%20Sapphire%202024.svg
2071989-9	K%C3%B6nigliche%20Porzellan-Manufaktur.svg
2073143-7	Logo%20St%C3%A4delschule.jpg
2073245-4	Junge%20Presse%20eV.png
2075458-9	Databecker.svg
2075669-0	Sal%20Oppenheim%20Logo.svg
2075931-9	Circus-Knie-Logo.svg
2075974-5	National%20Committee%20for%20a%20Free%20Germany%20logo.svg
2076221-5	BAP-Logo-positiv.svg
2076696-8	Logo-Deutsches-Kinderhilfswerk.svg
2077282-8	Logo%20SPD%20LV%20Hessen.svg
2077398-5	Logo%20Robin%20Wood%202017.svg
2077501-5	Gerda%20Henkel%20Stiftung%20Logo.svg
2077687-1	Metropolitan%20Opera%20logo%20horizontal.svg
2078255-X	Logo%20GoetheInstitut%202011.svg
2079401-0	Messe%20Frankfurt%20logo.svg
2079677-8	Logo%20Radio%20France.svg
2079741-2	Arbeitskreis%20selbst%C3%A4ndiger%20Kultur-Institute%20Logo.svg
2080678-4	Hamburger%20Institut%20f%C3%BCr%20Sozialforschung%20logo.svg
2080971-2	AGQ-Logo.svg
2081619-4	Keystone-SDA.png
2081856-7	ABBA%20logo.svg
2082208-X	Club%20Bertelsmann%20logo.svg
2083689-2	NDR%20Elbphilharmonie%20Orchester%20Logo%202018.svg
2083772-0	Office%20of%20Strategic%20Services%20Insignia.svg
2084334-3	McDonald%27s%20with%20slogan%202020.svg
2084646-0	IPPNW%20logo.svg
2085261-7	Logo%20Naturhistorisches%20Museum%20Braunschweig.svg
2085462-6	KSJ%20Logo.svg
2087027-9	National%20Gallery%20%E2%80%93%20Alexandros%20Soutsos%20Museum%20Logo%20%282021%29%20%28El%29.svg
2087183-1	Deutscher%20Kulturrat%20logo.svg
2088858-2	Logo%20of%20Freedom%20Party%20of%20Austria.svg
2088993-8	Logo%20Archiv%20der%20deutschen%20Frauenbewegung.jpg
2090153-7	Hertie.svg
2090581-6	Logo%20GRZ%20Krelingen.jpg
2091079-4	OEDP%20Logo%20CMYK.svg
2091347-3	ACN%20%28Suisse-Liechtenstein%29.svg
2091688-7	Logo%20klassiker.gif
2093763-5	Z%C3%BCrcher%20Kantonalbank%20logo.svg
2093806-8	Logo%20del%20Museo%20de%20Am%C3%A9rica.jpg
2094083-X	Z%C3%BCrich%20James%20Joyce%20Foundation%20logo.svg
2094285-0	BHW%20Bausparkasse%20logo.svg
2095109-7	Kunsthalle%20Emden%20Logo.svg
2095163-2	DUS%20Logo%20web.jpg
2095562-5	S%C3%BCdschleswigscher%20W%C3%A4hlerverband%2C%20Logo.svg
2095810-9	Liechtensteinisches%20Landesmuseum%20logo.svg
2096846-2	The%20Walt%20Disney%20Company%20Logo.svg
2097227-1	25%20Jahre%20Denkmalstiftung%20Baden-W%C3%BCrttemberg.gif
2098661-0	Logo%20der%20Deutschen%20Gesellschaft%20fuer%20Sprechwissenschaft%20und%20Sprecherziehung%202014.png
2098714-6	Logo%20Schwarzw%C3%A4lder%20Freilichtmuseum%20Vogtsbauernhof.jpg
2100936-3	KSL%20Schwarz%20240px.gif
2101630-6	Berner%20syn%20orch%20logo.png
2102885-0	Logo%20Musikhochschule%20L%C3%BCbeck%202024-07-25.svg
2105265-7	Rega-Logo.svg
2106151-8	Jusos%20Logo%204c.svg
2106585-8	KUN%202021%20rosa2%281%29.jpg
2107152-4	SPD%20Berlin%20Logo%202021.svg
2107719-8	Athesia%20Logo.svg
2108701-5	Leuphana%20Universit%C3%A4t%20L%C3%BCneburg%20Logo%202020.svg
2109532-2	Magnum%20Photos%20logo%20%282024%29.svg
2111478-X	Volkswagen%20Group%20Logo%202023.svg
2111774-3	Logo%20GoetheInstitut%202011.svg
2112387-1	Logo%20Buechereiverband%20Oesterreichs.svg
2114189-7	Freie%20Universit%C3%A4t%20Berlin%20Logo%2005.2024.svg
2114358-4	Siemens%20AG%20logo.svg
2114678-0	LogoDerTechnischenUniversit%C3%A4tBerlin2020.svg
211491-4	VSM%20Logo%202016.png
2115179-9	HfK%20Bremen%20Logo.svg
2115377-2	Bund%20f%C3%BCr%20deutsche%20Schrift%20und%20Sprache%20Logo.svg
2116123-9	Deutscher%20Bundestag%20logo.svg
2116281-5	Logo%20Destatis.svg
2116728-X	Logo%20of%20the%20Bundeswehr.svg
2116729-1	F%C3%BCAkBw.svg
2116802-7	DRK%20Logo2.svg
211685-6	Hartmann-ag-logo.svg
2117038-1	Die%20Bundesregierung%20Logo.svg
2117075-7	BMVG%20Logo.svg
2117711-9	Ausw%C3%A4rtiges%20Amt%20Logo.svg
2117760-0	Logo%20Landtag%20Mecklenburg-Vorpommern.jpg
2117791-0	Logo-Bund-Deutscher-Architektinnen-Architekten.svg
2117859-8	BMG%20Logo.svg
2118013-1	Hoffmann-La%20Roche%20logo.svg
2119868-8	Centrum%20Sztuki%20Wsp%C3%B3%C5%82czesnej%20Zamek%20Ujazdowski.png
2119958-9	BKA-Logo.svg
2120317-9	Logo%20K%C3%B6lner%20Philharmonie.svg
2120415-9	Abgeordnetenhaus%20von%20Berlin%20Logo.svg
212061-6	AllianzTrade.jpg
2120681-8	Universit%C3%A4t%20Potsdam%20logo.svg
2120756-2	Logo%20des%20Papiermuseums%20D%C3%BCren%20seit%202018.jpg
2122223-X	Ds%20kultur%20logo.svg
2122247-2	Logo-Deutsche-Gesellschaft-eV-neu.png
2122312-9	Juedischer%20verlag.jpg
2122360-9	Logo-Weisse-Rose-Stiftung.svg
2122782-2	Institut%20f%C3%BCr%20donauschw%C3%A4bische%20Geschichte%20und%20Landeskunde%20T%C3%BCbingen%20Februar%202017.jpg
2123264-7	IG%20Metall%20logo.svg
2123709-8	Zeiss%20logo.svg
2123744-X	Gr%C3%BCnenthal%20logo%20green.png
2123842-X	Heimat-Logo.png
2123850-9	Auerbachs%20Keller%20Schrift.svg
2124053-X	Hermitage%20logo.svg
2124096-6	CARE%20Logo%20Orange.png
2124337-2	B90Gruene%20RGB%20aufTanne.svg
2124498-4	Logo%20J%C3%BCdisches%20Museum%20Wien.svg
2124875-8	FSG%20Marbach.svg
2124998-2	Logo-cdu-csu-2024.svg
2125031-5	Logo%20oeog.jpg
2125587-8	W%C3%BCstenrot%20Stiftung%20Logo.svg
2125625-1	Bundesarbeitsgemeinschaft%20Wohnungslosenhilfe%20Logo.svg
2125662-7	Merz%20Akademie%20logo.jpg
2126086-2	Large%20Knoll.png
2126108-8	Logo%20of%20Architekturmuseum%20der%20Technischen%20Universit%C3%A4t%20M%C3%BCnchen.png
2126186-6	Metallica%20wordmark%202008.svg
2126714-5	Triumph-Adler%20logo.svg
2126772-8	Logo%20Kunsthalle%20Wien.jpg
2127046-6	Logo%20der%20Tessiner%20Kantonalbank.svg
2127162-8	Stiftung%20Preu%C3%9Fische%20Seehandlung%20Logo%20Jubil%C3%A4um%202023.tif
2128064-2	Logo%20of%20the%20European%20Academy%20of%20Music%20Theatre%20%282015%29.png
2128121-X	Radio%20Ktn.svg
2128246-8	Logohmt.svg
2128885-9	KunsthochschuleKoelnMedienLogo-B.png
2128917-7	Logo%20Landesheimatbund%20Sachsen-Anhalt.jpg
2129132-9	Logo%20GoetheInstitut%202011.svg
2129298-X	Logo%20Galeria%20Kaufhof%20Einzeilig.svg
213071-3	Logo%20Basler%20Kantonalbank.svg
2130733-7	Lainzer%20Tor.jpg
2130786-6	DEgov-BKAmt-Logo.svg
2130787-8	Utbildningsradion%20-%20logo.png
2131094-4	BBAW%20Logo.png
2131643-0	LogoAlbinmichel.png
2131975-3	AKDW%20NRW%20logo.png
2132004-4	Logoupjv-bleu.png
2132016-0	Logo%20Schweizer%20Wanderwege.png
2132554-6	Logo%20Braunschweigisches%20Landesmuseum.svg
2133168-6	HfG%20Karlsruhe.svg
2134021-3	TUBAF%20Logo.svg
2134944-7	Wirtschaftskammer%20%C3%96sterreich%20logo.svg
2135924-6	Landeszentrale%20f%C3%BCr%20politische%20Bildung%20Sachsen-Anhalt%20logo.jpg
2136758-9	SR%20DRS%20%282007%29.svg
2137119-2	HVD%20logo.svg
2141047-1	Logo-Verband-Freilichtbuehnen.svg
2141933-4	Universit%C3%A4t%20Klagenfurt%20Logo.svg
2142060-9	Logo%20%C3%96sterreichisches%20Rotes%20Kreuz.svg
2142231-X	Braunschweigische%20Landschaft%20Logo.tif
2143493-1	BMFSFJ%20Logo.svg
2143943-6	Logo%20ELSG.png
2144583-7	EC%20Eurocorps.svg
2144790-1	Academixer.svg
2147169-1	Anne%20Frank%20House%20logo%20SVG%20replacement.svg
2148028-X	VVN-BdA%20Logo.svg
2149023-5	Oan%20logo.jpg
2149226-8	Simon%20%26%20Schuster.png
2149347-9	OSCE%20logo.svg
2149460-5	Centrum%20f%C3%BCr%20Hochschulentwicklung%20Logo.png
2149868-4	MDC%20Logo%20V1%20RGB%20blue.svg
2151979-1	Stiftung%20Stadtmuseum%20Berlin%20Wortmarke%20mehrzeilig.svg
2153289-8	Kunst%20Museum%20Bonn%20logo.svg
2154576-5	Emblem%20of%20the%20Ministry%20of%20Culture%20of%20Russia.svg
2154931-X	Preussenelektra%20logo.gif
2155075-X	Robert-Havemann-Gesellschaft%20logo.png
2156559-4	AKM.svg
2157152-1	Museumsstiftung-Post%2BTelekommunikation.jpg
2158302-X	Stadtgeschichtliches%20Museum%20Leipzig%20Logo.svg
2158673-1	Pro%20familia.svg
2158999-9	KDFS%20Logo%202020%20RGB.jpg
215939-9	IG%20Metall%20logo.svg
2159455-7	Bavaria%20FIlm%20Logo%20Current.svg
215993-4	Logotipo%20de%20Iberia.svg
2159993-2	Jenoptik-Logo.svg
2162787-3	50%20Jahre%20Rai%20S%C3%BCdtirol%20logo.png
216312-3	Davidson%20College%20logo.png
2163228-5	Novartis-Logo.svg
2163507-9	Stiftung%20Bahn-Sozialwerk%20logo.svg
2163963-2	Logo-Nieders%C3%A4chsische-Lotto-Sport-Stiftung.svg
2165327-6	%C3%96sterreichische%20Galerie%20Belvedere.png
2166065-7	Logo%20SBTHH%20CMYK.png
2168247-1	CGS%20logo-01.jpg
2168833-3	Logo%20archivderjugendkulturen.png
2172087-3	EnBW.svg
217248-3	Socialdemokratiet%20symbol%20%282014%E2%80%93present%29.svg
2175807-4	Radio%20SRF%202%20Kultur.svg
2175931-5	KHK%20LOGO%20RGB%20schwarz%20rechts.png
2176078-0	DKV%20%28Versicherung%29%20logo.svg
2176114-0	SK%20Rapid%20Wien%20Logo.svg
2176238-7	Berner%20Fachhochschule%20Logo%20small.svg
2177991-0	Landesbank%20Baden-W%C3%BCrttemberg%20logo.svg
2179-9	MIT%20logo.svg
2179028-0	DIN%20Media%20Logo.jpg
2181940-3	Bundesstiftung%20Aufarbeitung%20Logo.svg
2182328-5	Rosa-Luxemburg-Stiftung%20Logo.svg
2183626-7	Kampnagel-Logo.svg
2183738-7	Bundesinstitut%20f%C3%BCr%20Berufsbildung%20Logo%2001.2021.svg
2184203-6	DEU%20Brandenburg%20COA.svg
2188-X	Logo%20of%20the%20United%20States%20Army%202023.svg
219217-2	Raab%20Karcher%20Logo.svg
219381-4	American%20Express%20logo%20%282018%29.svg
220045-4	Autonome%20Universit%C3%A4t%20Barcelona%20Logo.svg
230026-6	Berliner%20Sparkasse.svg
235092-0	Musei%20vaticani%20Coat%20of%20Arms.svg
235225-4	Logo%20BIS2.png
235552-8	Siegelmarke%20Der%20Vorstand%20der%20J%C3%BCdischen%20Gemeinde%20zu%20Berlin%20-%205610%20W0213276.jpg
235633-8	Evangelisches%20Johanneswerk%20Logo.svg
25060-0	Logo%20VSK%201952.jpg
25075-2	BMJ%20AT%20Logo.svg
251694-9	Ylen%20logo.svg
252329-2	Reichsadler%20Deutsches%20Reich%20%281935%E2%80%931945%29.svg
25258-X	Logo%20of%20the%20Romanian%20Academy.png
253645-6	Logo%20of%20the%20United%20States%20Government%20Publishing%20Office.svg
254508-1	Landtag%20Brandenburg%20Logo.svg
25548-8	Deutscher%20Bibliotheksverband%20Logo%2010.2019.svg
25836-2	Bundesverband%20der%20Pharmazeutischen%20Industrie%20Logo.svg
25880-5	Coat%20of%20Arms%20of%20the%20Order%20of%20Saint%20Benedict%20%28simple%29.svg
25901-9	Logo%20Kassen%C3%A4rztliche%20Bundesvereinigung.svg
25995-0	Escudo%20de%20la%20Universidad%20Complutense%20de%20Madrid.svg
26053-8	Nagoya%20University%20logo%2C%20type%201.svg
26184-1	The%20University%20of%20California%20Davis.svg
261949-0	Muzeum%20%C5%9Al%C4%85skie%20w%20Katowicach.png
262586-6	Diakonissenanstalt%20Dresden%20logo.svg
26331-X	Universitaet%20Trier%20Logo%202021.png
26375-8	Carl%20von%20Ossietzky%20Universit%C3%A4t%20Oldenburg%202021%20logo.svg
26537-8	University%20of%20California%2C%20Irvine%20logo.svg
26563-9	Associated%20Press%20logo%202012.svg
26874-4	Universit%C3%A9%20Paris%208%20Logo%202024.svg
270535-7	University%20of%20South%20Dakota%20logo.svg
271278-7	EMI%20logo.svg
272168-5	Mondadori%20group%20logo.svg
273202-6	Perrier%20logo.svg
273386-9	Cr%C3%A9dit%20Lyonnais%20logo.svg
273420-5	Rotterdam%20Pathe.jpg
275-6	Cornell%20University%20logo.svg
275569-5	Bank%20of%20the%20New%20York%20Company.png
276111-7	City%2C%20University%20of%20London%20Logo%2C%20Sep%202016.jpg
276970-0	Pesti%20Magyar%20Kereskedelmi%20Bank%20szabadalomlevel%C3%A9nek%20c%C3%ADmlapja.jpg
276995-5	Columbia%20Pictures%20logotype.png
277235-8	H%C3%A4lssen%20%26%20Lyon.png
277513-X	Compangnie%20Generale%20Transatlantique%20logo.png
279516-4	Time%20Inc.%20logo.svg
280119-X	Krupp%20Logo.svg
2885-X	Stanford%20wordmark%20%282012%29.svg
30000-7	Deutscher%20B%C3%BChnenverein%20logo.svg
30009-3	Vereinswappen%20HEROLD%20e.V..png
30026-3	Logo%20Universit%C3%A4tsbibliothek%20Leipzig.png
3003049-3	WWF%20logo%20%28Text%20only%29.svg
3003464-4	Bard%20logo.png
3004283-5	Heinrich-b%C3%B6ll-stiftung-schriftzug.svg
3004316-5	Eindhoven%20University%20of%20Technology%20logo%20new.svg
3004403-0	3sat%202019.svg
30066-4	Sozialverband%20VdK%20Deutschland%20Logo.svg
3007514-2	Logo%20ucad%202.png
300755-8	Suhrkamp%20Verlag%20Logo.svg
30083-4	Wohlfahrtswerk%20f%C3%BCr%20Baden-W%C3%BCrttemberg%20Logo.svg
3008533-0	DVU%20Parteilogo.svg
3009335-1	The%20National%20Board%20of%20Review%20Logo.png
3009547-5	Logo%20Deutsche%20Oper%20Berlin.svg
3010423-3	Logo-Bundesverband-Deutscher-Stiftungen.svg
30105-X	KHD-Logo.jpg
3010743-X	S%C3%A4chsische%20Landeszentrale%20f%C3%BCr%20politische%20Bildung%20logo.svg
3010942-5	Bundeskartellamt-Logo.svg
3012567-4	Logo%20des%20Dresdner%20Geschichtsverein%20e.V.jpg
3013356-7	Logo%20BVMW.png
3014165-5	Logo%20Bundesrechnungshof%202013.svg
3014979-4	LogoUCLM.svg
301513-0	B%27nai%20B%27rith%20International%20-%20logo%20-%202017%20to%20Present.jpg
3015145-4	Borsigwalde%20Eichborndamm%20Landesarchiv%20Berlin.jpg
3015309-8	Universidade%20da%20Coru%C3%B1a.png
3018556-7	Hadassah%20logo.png
3018862-3	Logo%20Literaturhaus.jpg
3019185-3	Ostravsk%C3%A1%20univerzita%20logo.svg
3020305-3	Deutsche%20Bahn%20AG-Logo.svg
3020410-0	Logo%20of%20NLR.jpg
3021163-3	Logo%20ENS%20LSH.gif
3021787-8	Logo%20GoetheInstitut%202011.svg
3023140-1	Gebethner%20i%20Wolff%20logo.png
3023911-4	TUBAF%20Logo.svg
3024100-5	Wortbildmarke%20August%20Sander%20Archiv.png
3024123-6	Marburg-wallcoverings.jpg
30253-3	ND%20%E2%80%93%20Christsein.heute%20Logo.svg
3025863-7	Verlag%20Ed%20H%C3%B6lzel%20logo.svg
30267-3	IUCN%20logo.svg
3036041-9	DGG%201%20neu.jpg
30381-1	Princeton%20text%20logo.svg
3045666-6	Iwanami%20Shoten%20%28headquarters%201%29.jpg
3046318-X	Hotel%20sacher%20logo%202021.jpg
30482-7	University%20of%20Maryland%20wordmark.svg
30536-4	DAVLogo-cl%20RGB.svg
30562-5	Berufsverband%20Deutscher%20Internisten%20201x%20logo.svg
30573-X	Logo-staedtetag-bw-germany.svg
3059375-X	Silbermond%20-%20Logo.svg
3061095-3	Green%20Day%20%C2%A1Tr%C3%A9%21%20Logo.png
30697-6	Michigan%20State%20University%20wordmark.svg
30763-4	Staedtetag%20Logo%20Web.svg
30768-3	Logo%20of%20the%20United%20Methodist%20Church.svg
307970-3	%E6%B3%95%E6%94%BF%E5%A4%A7%E5%AD%A6%E3%83%AD%E3%82%B4.svg
309-8	Deutsche%20Physikalische%20Gesellschaft%20Logo.svg
30916-3	Logo%20ABK%20Stuttgart.svg
30935-7	University%20of%20Houston%20logo.svg
309777-8	Sfrancisco%20state%20univ%20simplelogo.png
31303-8	Laspa%20logo.png
31334-8	Hitlerjugend.svg
31702-0	PH%20Freiburg.svg
31703-2	Logo%20PH%20Ludwigsburg.svg
32012-2	DRK%20Logo2.svg
32015-8	Newporschecrest.jpg
32235-0	DSV-Gruppe%20%28Deutscher%20Sparkassenverlag%29%20Logo.svg
32265-9	Mount%20Sinai%20Hospital%20Logo.png
32266-0	MSMC%20Icahn.jpg
32313-5	Theater%20Bremen%20Altes%20Logo.jpg
32456-5	Akademiai%20Kiado%20Logo.jpg
32502-8	KdF%20Symbol.svg
32730-X	Logo%20Gebr%C3%BCder%20Metz%2C%20T%C3%BCbingen.jpg
330055-9	Reuters%20logo%202024.svg
333-5	Emblem%20of%20the%20United%20Nations.svg
33464-9	Reinhold-Maier-Stiftung%20Baden-W%C3%BCrttemberg%20Logo.svg
33466-2	Schw%C3%A4bische%20Bank.png
34802-8	Logo%20of%20the%20Royal%20Air%20Force.svg
35026-6	LOGO-ARB-coul.jpg
35074-6	Logo-Goethe-University-Frankfurt-am-Main.svg
3511-7	Univerzita%20Karlova%20horizontal%20logo%202023.svg
35118-0	Logo%20Bundesgerichtshof.png
35216-0	Siegelmarke%20Der%20Reichsminister%20des%20Innern%20W0249446.jpg
35229-9	Reichsdienstflagge%20der%20Kaiserlichen%20Marine%201893-1918.svg
35279-2	Altertums-Gesellschaft%20Prussia%20Logo.jpg
35337-1	GEW-Logo.svg
35341-3	Sparkasse.svg
35358-9	Deutsche%20Arbeitsfront%20Symbol.svg
35487-9	Junge%20Akademie.jpg
35534-3	UHH%20Universit%C3%A4t%20Hamburg%20Logo%20mit%20Schrift%202010%20Farbe%20CMYK.svg
35578-1	House%20of%20Commons%20of%20the%20United%20Kingdom%202018.svg
35622-0	Seal%20of%20the%20United%20States%20Congress.svg
35623-2	Seal%20of%20the%20United%20States%20House%20of%20Representatives.svg
35626-8	Logo%20of%20the%20United%20States%20Library%20of%20Congress.svg
35653-0	Brigham%20Young%20University%20medallion.svg
35661-X	MTA-logo.png
35680-3	Budapesti%20Tudomanyegyetem%20nagy%20pecsetje%20Orszag%20Vilag%201880%20XIII%20sz.jpg
35684-0	Seal%20of%20the%20University%20of%20Szeged%20b%26w.gif
35691-8	Siegel%20Stra%C3%9Fburg%20Akademie.png
35735-2	University%20of%20Kentucky%20logo.svg
35742-X	Logo%20Verlag%20von%20Velhagen%20und%20Klasing.png
35897-6	Unlp%20marca%20escudo.png
35915-4	Naturhistorisches%20Museum%20Wien%20Logo.svg
35957-9	Minist%C3%A8re%20de%20l%E2%80%99%C3%89ducation%20nationale%20et%20de%20la%20Jeunesse.svg
35991-9	Logo%20de%20l%27Assembl%C3%A9e%20nationale%20fran%C3%A7aise.svg
36062-4	Universit%C3%A4t%20Bordeaux%20Logo.svg
36092-2	Universit%C3%A9%20laval.jpg
36106-9	Coat%20of%20arms%20of%20the%20University%20of%20Chile%20%28previous%20official%20version%29.svg
36107-0	UPR%20Logo.svg
36123-9	LogoMUNI-2018.png
36146-X	University%20of%20Basel%20Logo.png
36150-1	Universit%C3%A4t%20Bonn.svg
36152-5	HHU%20Logo.svg
36157-4	Universit%C3%A4t%20Graz%20logo.svg
36158-6	Wissen%20lockt.svg
36162-8	Uni%20Hohenheim-Logo.svg
36164-1	Logo%20UniJena.svg
36165-3	Universitaet-innsbruck-logo-rgb-farbe.svg
36184-7	Logo%20der%20Universit%C3%A4t%20Salzburg.jpg
36186-0	Universit%C3%A4t%20Stuttgart%20Logo.svg
36189-6	Universit%C3%A4t%20W%C3%BCrzburg%20Logo.svg
36190-2	Universit%C3%A4t%20Z%C3%BCrich%20logo.svg
36198-7	JGU-UB-Logo-RGB.svg
36214-1	University%20of%20Oxford.svg
36220-7	University%20of%20south%20africa%20logo.jpg
36224-4	University%20of%20Washington%20signature.svg
36225-6	RWTH%20Logo%203.svg
36227-X	Siegel%20TU%20Braunschweig%20transparent.svg
36230-X	Logo%20TUC%20de%20Web.gif
36241-4	TU%20Muenchen%20Logo.svg
36271-2	Logo%20Institut%20Pasteur.svg
36276-1	Logo%20%C3%89cole%20normale%20sup%C3%A9rieure%20-%20PSL%20%28ENS-PSL%29.svg
36289-X	Blason%20divers%20fr%20Universit%C3%A9%20Poitiers.svg
36318-2	New%20York%20Academy%20of%20Sciences%20logo.svg
36341-8	Coll%C3%A8ge%20de%20France%20logo.svg
36359-5	Logotype%20Nantes-U%20noir-72dpi.png
36416-2	Logotipo%20del%20CSIC.svg
36441-1	Germanisches%20Nationalmuseum%20Logo.svg
36485-X	Ku-ucph-logo-svg.svg
36607-9	BRK%20Logo.svg
36636-5	University%20of%20Virginia%20Rotunda%20logo.svg
36662-6	British%20Council%20logo%202020.svg
36704-7	Bundesverband%20deutscher%20Banken%20logo.svg
36706-0	Bundesvereinigung%20der%20Deutschen%20Arbeitgeberverb%C3%A4nde%20logo.svg
36725-4	Carnegie%20Mellon%20University%20wordmark.svg
36772-2	Albany%20Great%20Danes%20logo.svg
36821-0	Flag%20of%20the%20Council%20of%20Europe.svg
36828-3	Yale%20University%20Shield%201.svg
36941-X	U.c.v.jpg
37019-8	Logo%20Mozarteum.svg
37037-X	Logo%20der%20Freien%20Demokraten%20%28gelbes%29.svg
37041-1	Deutsche%20Akademie%20f%C3%BCr%20Sprache%20und%20Dichtung%20Logo.svg
37086-1	DMG%20logo.jpg
37095-2	Reichsbankdirektion.jpg
37100-2	Logo%20DSHS%20Koeln.svg
37134-8	DeutscherTurnerBund.svg
37163-4	Deutsches%20Studentenwerk%20logo.png
37211-0	ETA%20Hoffmann.jpg
37246-8	UPenn%20shield%20with%20banner.svg
37399-0	Hokkaido%20University%20logo%2C%202.svg
37450-7	Hopkinslogo2.jpeg
37498-2	Logo-fes.svg
37558-5	Saarl%C3%A4ndischer%20Rundfunk%20Logo%202023.svg
37566-4	Kyoto%20University%20emblem.svg
37579-2	Logo%20Universit%C3%A9%20de%20Lausanne.svg
37642-5	University%20of%20Michigan%20logo.svg
37644-9	Modern%20Language%20Association%20logo%202018.png
37657-7	Museum%20f%C3%BCr%20Naturkunde%20Berlin.svg
377-3	NATO%20OTAN%20landscape%20logo.svg
37724-7	Ny%20Carlsberg%20Glyptotek%20logo.svg
37744-2	WIFO%20standard%20deutsch.png
37748-X	Logo%20%C3%96stA.png
37764-8	Aristotle%20University%20of%20Thessaloniki%20logo.svg
37823-9	Rice%20University%20Logo.png
37830-6	The%20Rockefeller%20Foundation%20Logo.png
37842-2	RIA%20logo.png
37848-3	Royal%20Statistical%20Society%20logo.svg
37863-X	Logo%20S%C3%A4chsische%20Akademie%20der%20Wissenschaften.jpg
37886-0	Bundesgericht%20%28Schweiz%29%20logo.png
37888-4	Logo%20der%20Schweizerischen%20Eidgenossenschaft.svg
37930-X	SFU-block-logo.svg
38042-8	Technion%20logo.svg
380466-5	Verizon%202024.svg
38057-X	Trinity%20College%20%28Cambridge%29%20shield.svg
38076-3	Smithsonian%20sun%20logo%20no%20text.svg
38119-6	Logo%20des%20VkdL.png
381236-4	Air%20Canada%20logo.svg
38161-5	Wilhelm%20Busch%201878.jpg
38227-9	Logotipo%20de%20la%20Universidad%20Nacional%20de%20Colombia.svg
38348-X	Logo%20Ecole%20nationale%20des%20Chartes%20PSL.svg
38379-X	British%20Museum%20logo.svg
38384-3	UB%20Dortmund%20Logo%202023.svg
38524-4	Museum%20of%20Fine%20Arts%2C%20Boston%20Logo.jpg
38632-7	Victoria%20and%20Albert%20Museum%20Logo.svg
38647-9	IBERO.JPG
38649-2	US-CopyrightOffice-Logo.svg
38710-1	Logo%20IHK%20Koeln.svg
38765-4	Bdue%20logo%20400.png
38768-X	Deutschlandfunk%20Logo%202017.svg
38777-0	ZDF%20logo.svg
38891-9	LSVS%20Logo.svg
38983-3	Naturhistorische%20Gesellschaft%20Hannover%20logo.svg
39000-8	Museum%20f%C3%BCr%20Hamburgische%20Geschichte%2C%20Stiftung%20Historische%20Museen%20Hamburg.jpg
39027-6	ZI%20Logo%20Blau%20rgb.png
39028-8	Erzgebirgsverein%20logo.jpg
39032-X	Logo%20LVP.jpg
39089-6	Fraunhofer-logo.svg
39140-2	SPD%20Saar%20Logo.svg
39296-0	University%20at%20Buffalo%20logo.svg
39341-1	Biswabharati%20logo.svg
39352-6	HfBK%20Dresden%20Logo.jpg
39379-4	West%20Virginia%20University%20logo.svg
39454-3	Bundesarchiv-Logo%20en.svg
39544-4	Bundesministerium%20f%C3%BCr%20Finanzen%20logo.svg
39602-3	Siemens-Schuckert-Logo.svg
39647-3	Logo%20of%20the%20United%20States%20Department%20of%20Agriculture.svg
39668-0	Seal%20of%20the%20University%20of%20Wisconsin.svg
39686-2	Fidicin-Medaille%20als%20Vereinslogo.png
39718-0	Bundesdenkmalamt%20logo.svg
39860-3	FRBNY%20logo.png
39902-4	Dgps-logo2.png
39958-9	Bundesverband%20Digitalpublisher%20und%20Zeitungsverleger%20logo.svg
39976-0	Georgetown%20University%20Logotype.svg
4009099-1	Hubert%20Burda%20Media%202013%20logo.svg
40146-8	Keio%20University%20logo%2C%20ja%20and%20en%203.svg
40157-2	American%20Council%20on%20Education.svg
4015751-9	EFA365%20Logo%20Black.png
40234-5	Deutsche%20Gesellschaft%20f%C3%BCr%20Ausw%C3%A4rtige%20Politik%20logo.svg
40239-4	Parteiadler%20Nationalsozialistische%20Deutsche%20Arbeiterpartei%20%281933%E2%80%931945%29.svg
40250-3	Logo%20Wingolf.svg
40300-3	Boston%20College%20Logotype.svg
4034361-3	CIWL-Logo-bleu.jpg
40352-0	Asahishimbunmodern.png
40355-6	Fordham%20University%20wordmark.svg
40419-6	GfdS%20Logo.svg
40421-4	Insigne%20Nationalsozialistischer%20Lehrerbund%20%281929-1943%29.jpg
40440-8	Volksbund%20logo.svg
404621-3	Logo%20Argon%20Verlag.svg
40464-0	Logo%20UNIPV.svg
405362-X	OegbV%20Logo%20RGB-neu.png
40643-0	UMassAmherst%20logo.png
406556-6	Logo%20Editorial%20Planeta.jpg
4074003-1	Langenscheidt%20Logo.svg
41006-8	Northwestern%20University%20wordmark.svg
41079-2	DMB%20Logo%20schwarz%20400x400px.jpg
41180-2	SAT%20emblemo.png
41325-2	ND%20Wordmark.png
41431-1	Mnmlogo.png
41694-0	QueensU%20Wordmark.svg
41768-3	Universit%C3%A4t%20Montreal%20Logo.svg
4193733-8	KU%20Leuven%20logo.svg
42050-5	Universit%C3%A4t%20Barcelona.svg
42072-4	Binghamton%20University%20logo.svg
4207808-8	ETH-Bibliothek.png
42229-0	Kcl-logo.svg
42265-4	Wiley-VCH-Logo.svg
42269-1	Uwaterloo%20wordmark.gif
4230201-8	DDP.svg
4243227-3	Trilateral.svg
42497-3	Western%20Michigan%20University%20wordmark.svg
42506-0	Duke%20University%20logo.svg
4252-3	Zsl%20london%20logo.png
4253758-7	DEgov-BK-Logo.svg
4253759-9	Bundespr%C3%A4sident%20%28Deutschland%29%20Logo.svg
42569-2	University%20of%20Delaware%20wordmark.svg
4268699-4	Ammann%20Verlag%20Logo.svg
4287321-6	Shinchosha%20logo.png
4288647-8	ELAL2023Logo.svg
4300556-1	HAVAS%20LOGO%202023.png
4300558-5	Agence%20France-Presse%20Logo.svg
43027-4	Det%20Kgl.%20Bibliotek.svg
43053-5	Estemma%20UniGreg.png
4306-0	Syracuse%20University%20wordmark.svg
4307349-9	Seal%20of%20the%20Boston%20Public%20Library.svg
4310306-6	Haindl%20Papier.png
43182-5	UN%20refugee.jpg
43195-3	Emblem%20of%20the%20ICRC%20fr.svg
43325-1	Otto%20Eckmann%20S.%20Fischer%20Verlag.jpg
43351-2	SPIO-Logo.svg
43362-7	Deutsche%20Postgewerkschaft%20%28DPG%29.png
43415-2	Logounicordoba.svg
4350719-0	ABC%20News%20logo%202021.svg
4351101-6	Henry%20Holt%20and%20Company%20logo.svg
43587-9	Barclays%20logo.jpeg
43726-8	CBC%20logo.svg
43787-6	NHK%20logo%202020.svg
4392736-1	Lambertz%20Logo.svg
4415304-1	VHB%20Logo%202015.jpg
4416558-4	HEARST%20H%20logo%20%282023%29.svg
4433104-6	Logo%20Casterman.gif
44419-4	Malik%20Logo.svg
4447034-4	Ars%20Logo%20Claim%20farbig%20low.jpg
4456301-2	International%20Rescue%20Committee%20Logo.svg
4467963-4	Gerard%20billaudot%20%C3%A9diteur.jpg
44721-3	Amherst%20College%20logo.png
4475605-7	HarperCollins%20logo%20cropped.png
4485418-3	20th%20Century%20Studios.svg
4505009-0	Talking%20Heads%20Remain%20in%20Light%20band%20logo.svg
4515799-6	Paramount%20Pictures%202022%20%28Blue%29.svg
4543-3	LogoCNRS.jpg
45523-4	SRP%20logo.svg
4560570-1	Citi%20Handlowy%20logo%202023.svg
4564-0	Danghui.svg
4569238-5	Internationaler%20Bund%20logo.svg
45747-4	Deutsche%20Aidshilfe%20Logo%2008.2022.svg
4611240-6	Rsl%200.jpg
4636939-9	Fink%20Logo.jpg
4718657-4	WIKA%20Logo.svg
4768759-9	Almac%C3%A9n%20de%20Editorial%20Galaxia%20na%20R%C3%BAa%20Numancia%20de%20Vigo.jpg
4793-4	Ala%20logo.png
4799476-9	GGP%20Media%20Logo%202016.png
4826379-5	Roosevelt%20University%20Logo.svg
4841883-3	Seattle%20Public%20Library%20logo.svg
4948-7	Comintern%20Logo.svg
500301-5	Meijiu%20logo2.png
5003949-0	Microsoft%20logo%20%282012%29.svg
5004214-2	University%20of%20Alabama%20logo.svg
5004312-2	Columbia%20University%20Press%20logo%20%28from%20Gloria%20D%27Amor%29.jpg
5004690-1	Logo%20Volkswagenstiftung.svg
5005267-6	Emblem%20of%20the%20Sudeten%20German%20Party.svg
500767-7	Yale%20sod%20logo.PNG
5008398-3	Universit%C3%A9%20de%20Bourgogne%20Logo.svg
5010217-5	PDS-Logo.svg
5010358-1	Lit%20Verlag%20logo.jpg
5010795-1	Sothebys%20Logo.svg
5010929-7	Frankfurter%20Sparkasse%20logo.svg
501114-0	Universit%C3%A4t%20Tartu%20Logo.svg
5014293-8	Statistisches%20Amt%20f%C3%BCr%20Hamburg%20und%20Schleswig-Holstein%20logo.svg
5015806-5	Logo%20E.%20A.%20Schwerdtfeger%20%26%20Co.%20AG%2C%20Berlin%201945.JPG
5015912-4	Uni%20Koblenz-Landau.svg
5017340-6	Universiteit%20Antwerpen%20nieuw%20logo.svg
5018335-7	Institut%20fran%C3%A7ais%20de%20Cologne.svg
501840-7	LU%20logo%20LV%20horiz.png
5018951-7	TU%20Chemnitz%20Logo%20gruen.svg
501931-X	Colorado%20College%20logo.svg
5021339-8	HRK%20Hochschulrektorenkonferenz%20Logo.svg
5024195-3	Logo%20KunstakademieMuenster.svg
5026864-8	Imperial%20College%20London%20new%20logo.png
5027173-8	Logotip%20-%20IVAM.jpg
50293-5	Museum%20of%20Fine%20Arts%2C%20Houston%20logo.svg
5031952-8	HUNTER-LOGO.jpg
5033276-4	Sinalco%20logo.svg
5033773-7	Htw%20saar%20logo.svg
5036103-X	Logo%20Staatsbibliothek%20zu%20Berlin.svg
503624-0	FRE-AIT.svg
5037768-1	Unternehmensgruppe%20Tengelmann%20logo.svg
5038263-9	Logo%20hbk.svg
5038477-6	IV%202007.90964%20IB-Verzeichnis%202007-08.JPG
5039495-2	Kulturwissenschaftliches%20Institut%20Essen%20logo.svg
504549-6	Kanazawa%20University%20logo.png
5051147-6	Radiotelevisione%20svizzera%202011%20logo.svg
5052155-X	UW%20centre-stack-cmyk-black.jpg
5052464-1	MDR%20Logo%202017.svg
5052646-7	Ras-logo.svg
505291-9	Robert%20Bosch%20Stiftung%20Logo.svg
5054695-8	Bundesrat%20Logo%20gro%C3%9F.svg
5055922-9	Nippon%20Yusen%20company%20logo.svg
5056541-2	BVA%20Logo.svg
505712-7	American%20Forces%20Network%20logo.png
5057173-4	Lotto%20Berlin%20Logo%202019.svg
5057380-9	Staffordshire%20University%20Logo.svg
5057439-5	University%20of%20Portsmouth%20logo.svg
5057591-0	LSBU2020logo.png
5058130-2	Universitatea%20Babes%20Bolyai%20Logo.jpg
5058506-X	Helaba%20Logo%202019.svg
5058957-X	Aufbau-Verlag%20Logo.svg
505942-2	Handelsbanken.svg
5059953-7	SiegelViadrina.gif
5063807-5	BVT%20e.V.%20Logo.jpg
506404-1	Emblem%20of%20Israel%20alternative%20blue-gold.svg
5068254-4	NCRV%20Logo.svg
50700-3	Museo%20Regionale%20di%20Scienze%20Naturali%20-%20logo%20%28Turin%2C%202024%29.svg
507044-2	Coop.svg
5072143-4	M%C3%BCnchen%20-%20Museum%20Mensch%20und%20Natur%20%28Schild%29.JPG
5073203-1	Yorkunicrest1.png
5073612-7	B%C3%BCndnis%2090%20Logo.jpg
5074117-2	Gymnasium%20Klosterschule%20in%20Hamburg%2C%20Logo%20square.jpg
5074433-1	Hugendubel%20logo.svg
5075370-8	United%20States%20Holocaust%20Memorial%20Museum%20logo.svg
507685-7	University%20of%20Chicago%20Press%20logo.jpg
507789-8	Royal%20Shakespeare%20Company%20logo.png
507814-3	Signet%20Verlag%20Karl%20W.%20Hiersemann%20%281925%29.jpg
5078273-3	BStU%20Logo.svg
5079893-5	University%20of%20Southern%20Maine%20Classic%20Logo.jpg
5079940-X	Universit%C3%A9%20Bordeaux%20Montaigne%20Logo.svg
5082129-5	Reed%20College%20Wordmark.png
5083283-9	Armeemuseum%20der%20DDR%20Logo.svg
5083889-1	Logo%20Zentralrat.jpg
5085763-0	HHU%20Logo.svg
5086245-5	Logo%20ReemtsmaCigarettenfabriken.svg
5086313-7	Lincoln%20College%20Oxford%20Coat%20Of%20Arms.svg
5086385-X	Natural%20History%20Museum%20London%20logo%20%28large%29.svg
5087073-7	Landesamt%20f%C3%BCr%20Verfassungsschutz%20Baden-W%C3%BCrttemberg%20Logo%2007.2022.svg
5087401-9	University%20of%20California%20Press%20logo.svg
5088236-3	Bayerischer%20Hof%20M%C3%BCnchen%20Logo.svg
508872-0	Hochschule%20f%C3%BCr%20Musik%20und%20Darstellende%20Kunst%20Frankfurt%20am%20Main%20Logo.png
508889-6	Colby%20College%20logo.svg
5090674-4	Bundesamt%20f%C3%BCr%20Naturschutz%20logo.svg
5091030-9	Logo%20WWU%20M%C3%BCnster.svg
5093230-5	Brandenburgische%20Landeszentrale%20f%C3%BCr%20politische%20Bildung%20logo.svg
5095127-0	Central%20European%20University%20Logo.svg
509540-2	Edition%20Peters%20Leipzig%20Logo.svg
5095826-4	Otto%20von%20Guericke%20Universit%C3%A4t%20Magdeburg%20logo.svg
5096712-5	Princeton%20University%20Press%20logo.svg
5098579-6	VU-logotype.png
5100052-0	Council%20of%20the%20EU%20and%20European%20Council.svg
5101494-4	Logo-Header-HAIT.png
5102914-5	Virginia%20Military%20Institute%20full%20logo.png
5105272-6	FHP%20logo.svg
5106917-9	Alexandrov%20Ensemble%20Logo.png
510925-5	Leo%20Olschki%20publisher%20ex%20libris.jpg
5109509-9	Brockhaus.svg
511048-8	Current%20IPB%20Logo.png
511081-6	Universit%C3%A4t%20Witten-Herdecke.svg
5111765-4	Logo%20GoetheInstitut%202011.svg
5112447-6	Hochschule%20Ernst%20Busch%20Logo%202020.svg
5113364-7	Logo%20UDP.%20Fondo%20negro.jpg
5113983-2	Logotip%20CCCB.png
5114370-7	SPbU-symbol.png
5114388-4	Parsons%20The%20New%20School%20for%20Design%20Logo.jpg
5115971-5	Bachem%20Logo%20Verlag%20zweifarbig.jpg
5116018-3	BGT-Logo.JPG
5116635-5	Logo%20der%20GMG.png
5117216-1	Logotipo%20Universidade%20de%20Vigo.jpg
5118294-4	Otava%20Publishing%20Company%20Ltd.jpg
5119080-1	Logo%20Hoursch%20%26%20Bechstedt%2C%20K%C3%B6ln.jpg
5120021-1	Logo-DeRuGe.jpg
5120461-7	Logo-ip-Dusseldorf.png
5121707-7	DHL%20Group%2006.2023.svg
5122685-6	U2.svg
5123734-9	Postbank-Logo.svg
5123903-6	Deutsche%20Telekom%202022.svg
5125822-5	Logotipo%20Agencia%20EFE%202022.svg
5126823-1	Logo%20Nottingham%20Trent%20University.svg
5128008-5	CDU%20Th%C3%BCringen%20Logo%20neu.png
512960-6	VPRO%20logo%202021.svg
5130846-0	Logo%20ENS%20de%20Lyon%202010.png
5131850-7	Dickinson%20college%20wmark.png
5134229-7	Art%20Institute%20of%20Chicago%20Logo.png
5135549-8	Edition%20Peters%20Leipzig%20Logo.svg
514419-X	TVE.svg
5149318-4	ZBMED%20Logo.png
5149428-0	AOK-2021.svg
5149489-9	Berliner%20Polizei.svg
515075-9	Junge%20Deutsche%20Philharmonie%20Logo.svg
5151579-9	St%20Hilda%27s%20College%2C%20Oxford%20arms.svg
5154754-5	University%20of%20Massachusetts%20Boston%20logo.svg
5155482-3	Logo%20Thalia%20Theater%20Halle.jpg
5155883-X	Theater%20magdeburg%20logo.svg
5156217-0	Logo%20BnF.svg
5156369-1	Collegium%20Polonicum-logo.jpg
5157-3	OECD%20logo.svg
5157025-7	Sozialverband%20VdK%20Deutschland%20Logo.svg
5157250-3	Alinari%20logo.jpg
5157912-1	Wala%20Heilmittel%20logo.svg
515806-0	Open%20university%20israel%20logo.svg
5158569-8	Parkerpen%20textlogo.png
5163287-1	Stiftung%20Wuerth.svg
516387-0	Aston%20University%20Logo.png
5165706-5	Logo-DSW.png
5165770-3	Logo%20SLUB%202012.svg
5166128-7	NUBBiH%20Logo.png
5166817-8	School%20of%20Advanced%20Study%20Logo.png
5168402-0	Forza%20Italia.svg
5168563-2	Corporate%20Design%20ZLB.JPG
5168607-7	Reichsadler%20Deutsches%20Reich%20%281935%E2%80%931945%29.svg
5170996-X	Universit%C3%A4t%20Pardubice%20Logo.svg
517141-6	Alfried-Krupp-von-Bohlen-und-Halbach-Stiftung-Logo.svg
5173353-5	M.M.Warburg%20%26%20CO%20logo.svg
5174146-5	Haverford%20college%20wordmark.png
5174998-1	Mehr%20Demokratie%20Logo.svg
5175538-5	Diakonie%20stetten%20logo.svg
5177399-5	CRo-Cesky%20rozhlas-H-RGB.png
5178013-6	T%C3%BCrschild%20Stiftung%20Saechsische%20Gedenkstaetten%20zur%20Erinnerung%20an%20die%20Opfer%20politischer%20Gewaltherrschaft%20in%20Dresden.jpg
5179616-8	WDR%20BigBand%20Logo%202016.png
5180253-3	NTNU-logo.svg
5180587-X	Die-Medienanstalten-Logo.svg
5180842-0	Logo%20of%20Bauhaus%20University%20Weimar.png
5183293-8	Deutsches%20Symphonie-Orchester%20Logo%2001.2021.svg
5183295-1	Rundfunk%20Orchester%20Ch%C3%B6re%20Logo%2001.2021.svg
5183547-2	SK%20Stiftung%20Kultur%20Logo%202zeilig%20HGweiss.jpg
5184092-3	IG%20Bergbau%2C%20Chemie%2C%20Energie%202021%20logo.svg
5185691-8	NVV%20Logo.svg
5194533-2	Coat%20of%20Arms%20of%20Tbilisi%20State%20University.svg
5197941-X	Akademie-Verlag-Berlin%20Logo%20mit%20Sans%20Serif.svg
5198149-X	Logo%20Universitaet%20Erfurt%20als%20PNG.png
5198404-0	R%C3%B6mmler%20%26%20Jonas%20logo.jpg
5198591-3	WHZ-Logo.svg
5199041-6	Leipzig%20E.%20A.%20Seemann%20971.jpg
5201964-0	Cincinnati%20Symphony%20Orchestra%20logo.svg
5210974-4	KRO.svg
5212050-8	Johannes-Brahms-Gymnasium%20Hamburg.jpg
5217493-1	Heinemann%20logo.gif
5218322-1	Logo%20des%20Gymnasium%20Meiendorf.jpg
5236305-3	ISM%20logo%20monochrome.png
5237054-9	Logo%20Sinfonieorchester%20Wuppertal.png
5240131-5	Giunti-Editore.png
5245787-4	Boosey%20%26%20Hawkes%20logo.svg
5245820-9	NK%20Logo.png
5245846-5	Drake%20University%20logo.svg
5247582-7	ZZF%20Logo%20SCHWARZ.webp
5248752-0	Ravensburger%20AG%20Logo.svg
5252342-1	Jewish%20Museum%20Berlin%20logo.svg
5255234-2	Swiss%20Federal%20Institute%20of%20Intellectual%20Property.png
5262965-X	Yale%20press%20logo.png
5263-2	University%20of%20Rhode%20Island%20logo.svg
5263677-X	Sears%20logo%20%282020%29.svg
5263955-1	Little%20Brown%20Company%20logo.svg
5269948-1	Verlag%20f%C3%BCr%20die%20Frau%20Logo.svg
5271292-8	HBA%20Zirkel.png
5271371-4	Leibniz%20Logo%20DE%20Blau-Schwarz%20500px.svg
5271971-6	Universit%C3%A4t%20Artois%20Logo.svg
5274211-8	RTL%20Logo%202021.svg
5279347-3	Bundeswehr%20Logo%20Marine%20with%20lettering.svg
5280791-5	Berlin-Sch%C3%B6neberg%2C%20Kaufhaus%20des%20Westens%20Dm%20IMG%205518%202024-09-06%2009.06.jpg
5281152-9	Dallas%20Museum%20of%20Art%20logo.svg
5281390-3	Logo%20Cornelsen%20Verlag.svg
5285177-1	Universit%C3%A4t%20Aalborg%20Logo.svg
5285588-0	Taschen%20logo%20%28black%29.svg
5286026-7	Einbecker%20Brauhaus%20logo.svg
5287422-9	Chevron%20Logo.svg
5289068-5	Lynyrd%20Skynyrd%20Logo.svg
5289857-X	Signet%20mit%20ROTHER%20Bergverlag%20Vertikal.svg
5291179-2	LogoCamoes.png
5293101-8	Logo-stadtarchiv-HKS16N.jpg
5295938-7	S%C3%BCdwestrundfunk%20%28logo%29.svg
5296506-5	Angus%20robertson%20footer%20logo.gif
5296760-8	Universit%C3%A9%20de%20Mons%20logo.svg
5297663-4	SWR%20Vokalensemble%20Logo%202023.svg
5298116-2	HabimaLogo2023.svg
5299663-3	Mozarteum%20Logo.svg
5299666-9	Kunstuniversit%C3%A4t%20Linz%20Logo.svg
5299670-0	Logo%20MDW.svg
5299671-2	Uni%20f%C3%BCr%20angewandte%20Kunst%20Wien%20Logo.svg
5299923-3	University%20of%20Memphis%20wordmark.svg
5300972-1	Boehringer%20Ingelheim%20Logo%20RGB%20Dark%20Green.svg
5301157-0	HMTM%20Signet%20und%20Wortzusatz%20rechts%20DE%20schwarz%20RGB%20D%201.0.jpg
5302266-X	Logo%20UBIlmenau.png
5303673-6	Igkulturlogo.gif
5306333-8	Coat%20of%20arms%20of%20Bavaria.svg
5307602-3	Hauck%20%26%20Aufh%C3%A4user%20Logo%2011.2020.svg
5308301-5	Logo%20Franckh-Kosmos.svg
5309538-8	BMBF%20english.svg
5310256-3	Verlag%20von%20Georg%20Reimer%20-%20Signet%20%281915%29.jpg
5311-9	Logo%20%E2%80%93%20Parti%20communiste%20fran%C3%A7ais%20%282018%29.svg
5312883-7	Holtzbrinck%20Publishing%20Group%20logo%202023.svg
5313082-0	St%C3%A4del-Museum.svg
5314725-X	PUHDYS%20Logo%20Bell%20Font.svg
5321556-4	%D0%9F%D0%B5%D1%87%D0%B0%D1%82%D1%8C%20%D0%93%D0%BB%D0%B0%D0%B2%D0%BD%D0%BE%D0%B3%D0%BE%20%D0%9F%D1%80%D1%83%D1%81%D1%81%D0%BA%D0%BE%D0%B3%D0%BE%20%D0%9A%D0%BE%D1%80%D0%BE%D0%BB%D0%B5%D0%B2%D1%81%D0%BA%D0%BE%D0%B3%D0%BE%20%D0%BA%D0%BE%D0%BD%D0%B5%D0%B7%D0%B0%D0%B2%D0%BE%D0%B4%D0%B0%20%D0%B2%20%D0%A2%D1%80%D0%B0%D0%BA%D0%B5%D0%BD%D0%B5%D0%BD%D0%B5.%2018%20%D0%B2%D0%B5%D0%BA.png
5332203-4	Verlag%20von%20Wilhelm%20Engelmann%20-%20Signet%20%281911%29.jpg
5333191-6	Logo%20Tierschutzpartei%20%282024%29.png
5333839-X	LOGO%20Genossenschaftsforum%20.jpg
5335312-2	Swiss%20Post%20logo%202023.svg
5339181-0	Thesexpistols-logo.svg
5340088-4	S%C3%B6dert%C3%B6rns%20h%C3%B6gskola%20logo.svg
5342704-X	Daily%20Mail%20and%20General%20Trust.svg
5346-6	Slowakische%20Akademie%20der%20Wissenschaften%20logo.svg
5348803-9	URJC%20logo.svg
5349305-9	VSA-AAS%20Logo%20mehrsprachig.svg
5350721-6	Union%20der%20deutschen%20Akademien%20der%20Wissenschaften%20Logo.svg
5381-8	Eastman%20Kodak%20Company%20logo%20%282016%29.svg
55009-7	Logo%20Zeiss%20Ikon.svg
55054-1	%E4%B8%AD%E5%A4%AE%E5%A4%A7%E5%AD%A6.svg
5508760-7	Logo%20hogrefe%20goettingen.png
55091-7	Waseda%20university%20logo.svg
5514375-1	Houghton%20Mifflin%20Harcourt%20%28HMH%29%20logo%202024.svg
5519210-5	Logo%20MDR%20Kinderchor.svg
5520304-8	Radio-Symphonieorchester%20Wien%20logo%20%282021%29.svg
5520416-8	Logo-Zeit-Stiftung-Bucerius.svg
5521802-7	Logo-Buergerwache.jpg
5522517-2	Quilapay%C3%BAnLogo.png
55229-X	Sparkasse%20Bremen%20logo.svg
5527151-0	Buh%20logo.png
5528696-3	StG.jpg
5533044-7	Istituto%20Luce%20Cinecitt%C3%A0%20logo.png
5541509-X	Ministero%20della%20Cultura.svg
5542542-2	Ambassade%20de%20France%20en%20Allemagne.svg
55426-1	TU-Logo-Austria%20CMYK.png
5545218-8	Revolution%C3%A4re%20Zellen.svg
5547906-6	DAP%20Logo.svg
5550335-4	ERT%20logo%202020.svg
5550615-X	Logo%20Kulturstiftung%20des%20Bundes.jpg
5565990-1	Arte%20Logo%202017.svg
5565992-5	Logo%20klassikradio.svg
5566452-0	Encyclop%C3%A6dia%20Universalis%20logo.jpg
5566554-8	HdM%20Logo.svg
55749-3	Motanunilogoneu.svg
55755-9	%E7%AB%8B%E6%95%99%E5%A4%A7%E5%AD%A6%E3%83%AD%E3%82%B4.svg
56384-5	ZKM-Logo.svg
5877-4	University%20of%20Utah%20horizontal%20logo.svg
6010532-X	MDR%20Kultur%20Logo%20Oktober%202016.svg
6010586-0	Interl%C3%BCbke%20Logo.svg
6011725-4	Reichsadler%20Deutsches%20Reich%20%281935%E2%80%931945%29.svg
6012-4	Kommunistische%20Partei%20%C3%96sterreichs%20Logo.svg
6028187-X	Zeitverlag%20Logo.svg
6029551-X	Logo%20Universit%C3%A0%20del%20Piemonte%20Orientale.png
6029847-9	Queen%20Mary%20University%20of%20London%20coat%20of%20arms.svg
6031049-2	Mellen%20logo.jpg
6045-8	American%20Red%20Cross%20logo.svg
6045529-9	Klassik%20Stiftung%20Weimar%20Logo%20SW.svg
6051548-X	BlumfeldVerboteneFr%C3%BCchte.jpg
6064052-2	Congregation%20der%20Alster-Schleusenw%C3%A4rter.jpg
6072102-9	PHLogo.jpg
6072327-0	Hochschule%2021%20logo.svg
610236-0	Legion%20of%20Honor%20%28museum%29%20Logo.png
610242-6	De%20Young%20Museum%20Logo-transparent.png
6105129-9	Wartburg%201000%20Badge%20detail%20%287889346370%29.jpg
6126880-X	Kicker-Logo%202018.svg
6142-6	Boston%20University%20wordmark.svg
62314-3	Mauritshuis%20museum%20logo.png
62406-8	CNC-Logo.svg
62465-2	Staatliche%20Porzellan-Manufaktur%20Meissen%202009%20logo.svg
62481-0	SAGE%20Publishing%20logo.svg
62666-1	Logo%20Stadtbibliothek%20Leipzig.gif
63008-1	Dresdner-Bank-Logo.svg
63215-6	SA-Logo.svg
63616-2	Stahlhelm%20logo.svg
63640-X	RAD%20Hausflagge.svg
63715-4	Plakat%20Bayerische%20Volkspartei%201919.jpg
63794-4	JKU%20Logo.png
63951-5	TH%20Koeln%20Logo.svg
64245-9	Maltese-Cross-Heraldry.svg
64615-5	Heidelberger-Druckmaschinen.svg
64681-7	Leibniz-Universit%C3%A4t%20Hannover.png
64850-4	Logo%20Uni%20Siegen.svg
64857-7	University%20of%20Paderborn%20Logo.jpg
64944-2	BUW%20Logo.svg
64971-5	Logo%20BAGFW%20SVG.svg
6510158-3	Allianz%20Kultursiftung.svg
65191-6	Brockhaus.svg
6522472-3	R%C3%9AV%20ohf%202019%20logo.svg
6524113-7	HochschuleB-R-S.svg
65269-6	Darmstaedter%20und%20nationalbank.jpg
65299-4	Rothschild%20Exlibris.jpg
6548-1	LDPD%20Emblem.svg
6647-3	HUlogo.jpg
669243-6	DSD%20Logo.svg
6701-5	Deutsche%20Kommunistische%20Partei%20Logo.svg
671230-7	Theaterclublogo.jpg
671818-8	LOGO%20BML.jpg
672255-6	Ehu%20logoa%201.jpg
672531-4	Logo%20fso2%20r1%20c1.jpg
674281-6	Logo%20Saint%20Mary%27s%20University.jpg
67727-9	NSFK%20Wimpel%20F%C3%B6rdernde%20Mitglieder.svg
67738-3	Waffen-SS%20Logo.svg
68317-6	P1000408%20Logo%20of%20the%20CarlSchurz%20Haus%20Freiburg.JPG
68570-7	Caritas%20Austria-logo.svg
7230-8	CDU%20Logo%202023.svg
74028-7	Swissair%20logo.svg
7409-3	Ruhr-Universit%C3%A4t%20Bochum%20logo.svg
74964-3	Deutsche%20Angestellten-Akademie%20Logo.svg
75028-1	SOG%20SSO%20SSU%20Logo.svg
75100-5	Studienstiftung%20des%20deutschen%20Volkes%20Logo.svg
75309-9	Carleton%20College%20wordmark.svg
7540701-2	%C5%A0koda%20Works%20logo.svg
7555049-0	Logo%20BAnQ%20noir.svg
7580693-9	Merrill%20Lynch%20logo%20pre-1974.png
7642-9	City%20University%20of%20New%20York%20wordmark.svg
7650-8	University%20of%20Southern%20California%20logo.svg
7669-7	London%20school%20of%20economics%20logo%20with%20name.svg
7677476-4	Faber%20and%20Faber%20logo.svg
7691684-4	ANSA%20logo.svg
7701949-0	Swan%20Sonnenschein%20logo.png
7753670-8	Jungundjunglogo.jpg
7871-2	Universit%C3%A4t%20Augsburg%20logo.svg
7877-3	University%20of%20Cambridge%20International%20Examinations.svg
800577-1	New%20York%20Philharmonic%20logo%202022.svg
800665-9	CASA%20EUROPA%20CBA.jpg
80108-2	Maagd%20in%20de%20tuin.gif
80258-X	Bible%20Society%20logo%202023%20on%20background.jpg
803245-2	Biblioth%C3%A8que%20Mazarine%20-%20Logo.png
803757-7	Radio-Sinfonieorchester%20Stuttgart%20logo.svg
80535-X	Bar%20Ilan%20logo.png
80659-6	University%20of%20Maryland%2C%20Baltimore.png
80699-7	Marca-uc.svg
809942-X	COE%20Logo.svg
811254-X	%CE%95%CE%B8%CE%BD%CE%B9%CE%BA%CF%8C%20%CE%91%CF%81%CF%87%CE%B1%CE%B9%CE%BF%CE%BB%CE%BF%CE%B3%CE%B9%CE%BA%CF%8C%20%CE%9C%CE%BF%CF%85%CF%83%CE%B5%CE%AF%CE%BF.svg
812629-X	OUP%20logo.svg
812840-6	WHEELER1893%20pg012%20RAND%20McNELLY%20LOGO.jpg
81500-7	Hochschule%20f%C3%BCr%20Musik%20und%20Darstellende%20Kunst%20Stuttgart%20Logo.svg
815129-5	Dresdner%20Philharmonie%20logo.svg
81561-5	The%20Salvation%20Army%20Logo.svg
819828-7	Museo%20Nacional%20Centro%20de%20Arte%20Reina%20Sof%C3%ADa%20logo.svg
820022-1	StiftgLesen%20Logo%20Pantone.jpg
82507-4	World%20Vision%20logo%202017.svg
8351-3	Hanns-Seidel-Stiftung%20logo.svg
83756-8	Kohlhammer%20logo.svg
84279-5	Magirus%20%28Unternehmen%29%20logo.svg
8576-5	Brookings%20logo%20small.png
864-3	-American%20Sociological%20Association%20Conferences%202010%20-%2002.JPG
90003-5	Georgia%20Tech%20seal.svg
90026-6	University%20of%20Denver%20Signature%203.svg
9043-8	Logo%20Herzog%20Anton%20Ulrich-Museum.svg
90509-4	Flugmotorenwerke%20Ostmark.jpg
90968-3	Wissenschaftszentrum%20Berlin%20f%C3%BCr%20Sozialforschung%20logo.svg
9440-7	Texas%20Tech%20University%20logo.svg
9480-8	Universit%C3%A0%20di%20Camerino%20logo.jpg
9483-3	Casa%20de%20Vel%C3%A1zquez%20%28logo%29.svg
9520-5	Universit%C3%A0Verona.svg
9585-0	YSUWordmarkNew.svg
9595-3	Shield%20of%20the%20University%20of%20Sheffield.svg
9663-5	ZDJ%20Logo%20cmyk.svg
9831-0	Arms%20of%20the%20University%20of%20Adelaide.svg
9836-X	University%20of%20New%20Mexico%20logo.svg
9839-5	Ohio%20State%20University%20horizontal%20logo.svg
9863-2	University%20of%20Guelph%20logo.svg
